source,target,weight
0,86,10
0,80,10
0,121,5
0,116,10
0,114,5
0,127,5
0,74,10
0,93,5
0,54,5
0,60,10
0,41,5
0,90,10
0,83,10
0,115,10
0,110,5
0,13,5
0,67,5
0,58,5
0,100,10
0,45,10
0,16,5
0,89,10
0,33,10
0,40,10
0,51,10
0,123,10
0,75,10
0,7,5
0,52,10
0,27,5
0,92,10
0,122,5
0,31,5
0,38,10
0,125,10
0,37,10
0,57,10
0,8,10
0,20,5
0,36,5
0,62,5
0,119,5
0,70,5
0,46,5
0,53,10
0,63,10
0,6,10
0,44,10
0,22,10
0,11,5
0,68,10
0,72,5
0,21,5
0,25,10
0,71,10
0,3,5
0,17,10
0,15,5
0,1,10
0,2,10
1,83,10
1,112,5
1,13,10
1,104,5
1,65,10
1,12,10
1,103,10
1,99,10
1,47,5
1,80,5
1,32,10
1,111,5
1,94,10
1,101,10
1,110,10
1,16,10
1,88,10
1,97,10
1,29,10
1,9,10
1,61,5
1,93,10
1,125,10
1,72,10
1,38,10
1,53,10
1,11,5
1,8,10
1,18,10
1,89,10
1,19,5
1,122,5
1,15,10
1,114,5
1,58,10
1,126,10
1,41,10
1,119,10
1,59,10
1,52,10
1,57,10
1,21,10
1,116,10
1,31,10
1,115,10
1,40,5
1,25,10
1,37,10
1,76,10
1,51,10
1,60,10
1,45,10
1,17,10
1,2,10
15,2,10
2,48,10
106,2,10
2,83,10
118,2,10
2,64,10
113,2,10
2,51,10
2,90,10
2,99,10
2,29,10
110,2,10
2,45,10
2,41,10
16,2,10
18,2,10
2,88,10
2,84,10
2,94,10
2,60,10
2,93,10
125,2,10
2,92,10
2,38,10
2,67,10
2,52,10
11,2,10
2,31,10
2,75,10
126,2,10
2,58,10
2,53,10
13,2,10
2,59,10
115,2,10
2,76,10
2,21,10
2,79,10
122,2,10
116,2,10
2,80,10
2,68,10
2,62,10
19,2,10
2,25,10
2,37,10
2,72,10
2,46,10
2,3,10
2,8,10
17,2,10
3,65,10
3,6,10
12,3,10
127,3,10
3,107,5
122,3,10
3,38,10
25,3,10
123,3,10
11,3,10
106,3,10
3,44,10
3,90,10
115,3,10
3,83,10
16,3,10
3,72,10
3,94,10
3,62,10
3,74,10
3,51,10
3,67,10
3,61,10
3,80,10
110,3,10
29,3,10
3,52,10
3,8,10
3,37,10
3,40,10
3,7,5
3,46,10
4,84,10
10,4,10
4,42,10
4,24,5
26,4,10
4,39,5
4,5,5
5,41,5
35,5,10
5,61,5
117,5,10
109,5,10
5,11,5
21,5,10
33,5,10
42,5,10
10,5,10
49,5,10
39,5,10
5,0,5
5,36,5
24,5,10
26,5,10
6,49,5
6,61,10
123,6,10
12,6,10
6,75,10
6,83,10
44,6,10
6,60,10
6,67,10
6,89,10
15,6,10
13,6,10
40,6,10
37,6,10
46,6,10
34,6,10
115,6,10
20,6,10
33,6,10
28,6,10
6,80,10
6,70,10
6,63,10
14,6,10
21,6,10
6,9,10
6,71,10
6,68,10
6,72,5
6,4,5
6,26,5
6,5,5
10,6,10
39,6,10
36,6,10
11,6,10
7,36,5
56,7,10
66,7,10
8,84,10
8,106,5
8,74,5
8,83,10
8,81,5
8,107,5
8,127,5
8,104,5
64,8,10
8,90,10
29,8,10
110,8,10
8,94,10
18,8,10
37,8,10
8,80,10
8,99,10
16,8,10
11,8,10
76,8,10
8,93,10
114,8,10
115,8,10
41,8,10
75,8,10
126,8,10
8,92,10
38,8,10
13,8,10
8,27,5
31,8,10
62,8,10
70,8,10
40,8,10
53,8,10
119,8,10
67,8,10
122,8,10
46,8,10
8,19,5
68,8,10
116,8,10
51,8,10
57,8,10
25,8,10
72,8,10
60,8,10
52,8,10
63,8,10
44,8,10
21,8,10
71,8,10
17,8,10
60,9,10
88,9,10
9,104,5
9,77,5
43,9,10
9,123,5
65,9,10
9,16,5
9,41,5
53,9,10
9,112,5
115,9,10
9,44,5
9,90,10
9,38,5
51,9,10
9,3,5
40,9,10
9,31,5
9,93,10
125,9,10
9,68,5
52,9,10
9,2,5
25,9,10
9,122,5
56,9,10
9,22,5
15,9,10
63,9,10
9,7,5
76,9,10
84,9,10
9,21,5
71,9,10
66,9,10
9,36,5
9,39,5
45,9,10
9,8,5
12,9,10
10,94,5
10,44,5
10,115,5
10,67,5
10,38,5
10,127,5
10,123,5
10,34,10
10,117,10
10,75,10
10,12,10
10,56,5
10,33,10
10,109,10
10,0,5
10,49,5
10,66,5
10,39,10
10,42,10
10,14,5
10,24,10
10,36,5
10,26,10
10,35,10
11,116,5
11,41,10
11,99,10
11,18,10
11,67,10
11,115,5
11,90,10
11,60,10
11,126,10
11,13,10
11,80,10
11,123,10
11,15,10
11,46,10
11,29,10
11,51,10
11,40,10
11,21,10
11,37,10
11,16,10
11,28,10
11,33,10
11,36,10
11,38,10
11,44,10
11,53,10
11,75,10
11,52,10
11,122,10
11,114,5
11,19,10
11,68,10
11,25,10
11,72,10
11,71,10
12,13,5
12,118,5
12,62,5
12,115,5
12,58,5
12,122,10
12,20,5
12,90,10
12,82,5
12,81,5
12,127,5
12,43,10
110,12,10
12,86,10
12,126,5
12,96,5
12,83,10
12,40,5
12,103,5
12,67,10
100,12,10
12,34,10
12,21,10
12,16,10
12,5,5
12,18,10
12,93,10
12,38,10
12,15,10
12,52,10
12,7,5
12,123,10
117,12,10
12,63,10
12,28,10
109,12,10
12,66,5
12,36,5
12,26,5
12,33,10
12,74,10
12,80,10
12,68,10
12,39,10
12,44,10
12,70,10
12,14,10
13,62,10
13,94,10
13,68,10
13,44,10
100,13,10
122,13,10
13,67,5
13,60,10
13,89,10
13,51,10
13,41,10
13,29,10
110,13,10
13,30,10
13,90,10
13,75,10
115,13,10
13,37,10
13,80,10
114,13,10
13,25,5
13,16,10
13,93,10
13,72,10
13,18,10
13,53,10
13,32,10
13,33,10
13,71,10
13,66,10
13,52,10
13,21,10
13,63,10
14,106,5
14,21,5
14,114,5
14,52,10
14,13,5
14,122,5
117,14,10
14,24,5
14,77,10
14,4,5
14,34,5
14,109,5
14,42,10
14,76,5
14,63,5
14,28,10
14,84,5
14,39,5
14,69,5
14,54,5
14,11,5
14,66,5
14,23,10
14,71,5
14,33,10
14,5,5
14,26,10
121,15,10
15,29,10
15,13,5
15,62,5
15,83,10
110,15,10
15,61,10
100,15,10
15,18,10
15,41,10
15,94,10
15,47,5
15,67,5
15,116,5
15,74,10
15,21,10
115,15,10
15,80,10
15,93,10
15,53,10
15,31,10
125,15,10
15,60,10
15,16,10
15,89,10
15,92,10
15,90,10
15,51,10
15,38,10
15,22,10
15,44,10
15,20,5
15,37,10
123,15,10
15,52,10
122,15,10
15,40,10
15,58,10
15,25,10
15,72,5
15,88,10
15,56,10
15,57,10
15,43,10
15,87,10
15,70,10
15,3,5
15,84,10
15,66,10
15,76,10
15,68,10
15,8,5
15,71,10
15,45,10
15,63,10
15,7,5
15,17,10
16,84,10
16,45,10
126,16,10
103,16,10
16,127,5
16,18,10
16,73,10
16,70,5
16,81,10
16,87,10
16,54,5
16,83,10
16,99,10
16,41,10
16,74,10
16,53,10
16,29,10
112,16,10
100,16,10
16,61,10
16,40,5
16,46,10
16,51,10
16,20,5
16,90,10
16,44,10
16,125,5
16,65,10
16,21,10
16,72,10
115,16,10
16,38,10
16,68,10
16,31,10
16,94,10
121,16,10
110,16,10
16,52,10
16,19,5
16,67,10
16,58,10
16,93,10
16,92,10
16,37,10
16,89,10
123,16,10
16,27,5
122,16,10
114,16,10
16,25,10
116,16,10
16,17,5
16,22,10
16,59,10
16,62,10
17,64,5
17,58,10
17,89,10
17,110,5
115,17,10
17,93,10
17,88,5
17,53,10
17,18,10
125,17,10
126,17,10
17,52,10
17,38,10
17,31,10
17,94,10
17,22,10
17,76,10
116,17,10
17,68,5
17,60,10
17,51,10
17,72,10
17,25,10
17,45,10
17,57,10
17,3,5
17,46,10
18,89,5
18,7,5
18,32,10
118,18,10
18,73,5
123,18,10
18,88,10
18,127,5
18,106,5
18,98,10
18,3,5
18,27,5
18,104,5
18,74,10
18,81,10
18,112,5
18,65,10
116,18,10
18,84,10
18,60,10
18,47,5
100,18,10
18,70,5
18,122,5
18,46,10
18,99,10
18,62,10
18,90,5
110,18,10
18,83,10
101,18,10
18,9,5
18,97,10
18,40,5
18,61,10
18,67,5
18,57,5
18,93,10
18,51,10
115,18,10
125,18,10
18,94,10
114,18,10
18,21,10
18,59,10
18,38,10
18,31,10
18,76,10
18,52,10
18,37,10
126,18,10
18,80,10
18,41,10
18,64,10
18,19,10
18,75,5
18,71,5
18,22,5
18,29,10
119,18,10
18,25,10
18,58,10
18,53,10
18,20,5
18,44,10
18,68,5
18,72,5
18,30,5
19,3,5
19,74,10
19,127,5
19,107,5
19,83,10
19,20,5
19,99,10
19,37,10
19,52,10
19,80,10
115,19,10
19,94,10
19,75,10
19,67,5
19,89,10
125,19,10
126,19,10
19,76,10
19,31,10
19,53,10
19,46,10
19,6,5
19,51,10
19,21,10
19,71,10
19,58,10
19,25,10
19,72,5
19,62,10
19,68,5
122,20,10
123,20,10
20,61,10
20,111,5
20,40,10
20,64,5
115,20,10
20,47,10
20,51,10
20,31,10
20,62,10
100,20,10
20,67,10
110,20,10
20,80,10
20,57,5
20,25,10
20,37,10
20,68,10
20,30,10
20,3,5
103,21,10
21,57,10
21,106,5
119,21,10
21,50,10
21,83,10
21,44,10
21,60,10
21,64,5
21,47,5
116,21,10
21,98,10
21,97,10
21,61,10
21,54,5
21,33,10
100,21,10
21,99,10
21,40,5
123,21,10
21,45,10
21,41,10
21,94,10
21,37,10
21,62,10
21,90,10
21,67,10
21,27,5
21,58,10
21,87,10
115,21,10
21,51,10
21,92,10
21,29,10
21,63,10
21,88,10
21,38,10
21,59,10
21,93,10
21,46,10
110,21,10
122,21,10
21,75,10
21,53,10
21,80,10
21,52,10
21,25,10
21,76,10
21,70,10
21,68,10
21,72,5
22,89,10
22,127,5
22,92,10
22,88,10
22,87,10
22,75,10
125,22,10
22,52,10
22,25,5
22,31,10
22,90,10
123,22,10
22,94,10
22,58,10
22,45,10
22,71,10
22,79,5
22,76,10
22,2,5
108,23,10
23,32,5
23,95,10
117,23,10
23,12,5
23,45,5
23,7,5
23,57,5
23,69,5
23,86,10
23,43,5
23,84,5
23,28,10
23,77,10
23,88,5
23,76,5
23,78,10
23,15,5
23,4,5
23,42,10
23,26,10
23,24,10
24,35,5
24,42,10
24,49,10
24,39,10
24,26,10
119,25,10
25,83,10
25,60,10
25,107,5
25,127,5
25,106,5
104,25,10
25,82,5
25,74,10
25,73,5
25,81,10
103,25,10
112,25,10
25,84,10
25,99,10
25,97,10
25,29,10
25,90,10
110,25,10
25,58,10
25,27,5
123,25,10
25,67,10
111,25,10
126,25,10
25,94,10
25,93,10
25,88,10
25,120,5
25,63,10
115,25,10
25,38,10
114,25,10
25,92,10
122,25,10
125,25,10
25,59,10
25,53,10
25,51,10
25,45,5
25,31,10
25,52,10
25,37,10
25,75,10
25,55,10
25,76,10
116,25,10
25,48,10
25,68,10
25,7,5
25,44,10
25,72,10
25,71,10
25,46,10
25,36,5
109,26,10
117,26,10
26,42,10
26,49,10
26,39,10
28,90,5
28,115,5
28,122,5
28,10,5
28,63,10
28,32,10
28,43,5
28,80,10
28,33,10
100,28,10
28,21,5
28,104,5
28,76,5
28,71,5
28,52,10
28,68,5
117,28,10
28,15,5
28,40,10
28,56,5
28,70,5
28,5,5
28,84,10
28,77,10
29,74,5
29,127,5
103,29,10
29,83,10
29,60,5
29,53,10
29,61,5
100,29,10
29,64,10
112,29,10
29,40,5
29,99,10
29,115,5
125,29,10
29,80,10
29,92,5
29,46,10
29,17,5
29,67,5
110,29,10
29,37,10
29,88,10
29,9,5
29,111,5
29,38,10
29,114,5
29,93,10
29,59,5
29,58,10
29,94,10
29,45,5
29,41,10
29,27,5
29,44,5
29,72,5
29,22,5
29,56,5
29,52,10
123,29,10
122,29,10
29,6,5
29,62,10
29,75,5
29,31,10
29,51,10
29,68,10
29,0,5
29,35,5
29,36,5
29,20,5
122,30,10
30,83,10
30,90,10
30,7,5
30,75,10
30,11,5
30,36,10
30,68,10
31,98,10
31,113,5
31,48,10
31,74,5
31,107,5
31,127,5
31,81,10
31,43,5
103,31,10
31,83,10
31,3,5
104,31,10
31,68,10
31,50,10
31,64,10
31,61,10
31,119,5
31,70,5
31,67,5
31,30,5
31,63,10
31,99,10
31,123,5
31,40,5
31,44,10
31,90,10
31,37,10
31,46,10
31,32,10
110,31,10
31,80,10
31,45,5
31,97,10
122,31,10
31,94,10
31,93,10
31,60,10
116,31,10
31,38,10
31,41,10
125,31,10
31,53,10
31,59,10
31,51,10
31,27,5
114,31,10
31,52,10
31,75,10
115,31,10
31,88,10
31,76,10
31,72,10
31,71,10
32,43,5
32,41,5
32,67,5
32,74,5
32,80,5
32,81,5
32,51,5
32,110,5
32,104,5
32,70,5
32,37,5
32,90,5
32,115,5
32,60,5
32,122,5
32,93,10
32,71,5
32,25,5
32,89,5
32,75,5
32,116,5
32,38,5
125,32,10
32,126,5
32,53,10
32,21,5
32,72,5
32,11,5
32,92,5
32,8,5
32,68,5
32,45,5
32,52,10
32,84,10
32,7,5
32,88,10
32,66,10
32,15,5
32,76,10
32,63,10
32,9,5
33,43,5
33,76,10
33,106,5
33,121,5
33,3,5
33,122,5
33,36,5
33,25,5
115,33,10
33,80,10
33,46,5
33,52,10
125,33,10
117,33,10
33,75,5
33,77,10
33,24,5
33,72,10
33,26,5
33,2,5
33,71,10
33,42,10
33,7,5
33,35,5
33,4,5
33,69,5
33,68,5
33,15,5
109,33,10
33,49,5
33,23,5
33,34,10
33,39,10
109,34,10
117,34,10
34,39,10
35,67,5
35,0,5
35,55,10
122,36,10
36,56,10
36,71,10
36,66,10
36,43,10
37,80,10
103,37,10
37,64,10
37,99,10
37,46,10
37,83,10
116,37,10
37,45,10
37,74,10
37,67,10
37,60,10
125,37,10
37,93,10
37,94,10
123,37,10
37,58,10
37,40,5
126,37,10
37,90,10
37,51,10
37,76,10
115,37,10
119,37,10
122,37,10
37,35,5
37,22,5
37,41,10
37,92,10
37,56,5
37,38,10
37,7,5
110,37,10
37,53,10
37,44,10
37,52,10
37,62,10
37,72,10
38,70,10
38,74,10
38,96,10
38,57,10
104,38,10
38,90,10
38,69,5
112,38,10
38,27,5
110,38,10
38,94,10
121,38,10
38,81,10
38,97,10
38,54,5
115,38,10
38,19,5
38,67,5
38,44,5
38,33,5
38,13,5
38,87,10
38,93,10
119,38,10
38,41,10
38,65,10
38,51,10
38,22,5
38,20,5
126,38,10
38,92,10
38,71,10
38,6,5
38,7,5
38,59,10
123,38,10
38,60,10
38,111,5
38,53,10
38,58,10
38,62,10
125,38,10
116,38,10
38,80,10
38,89,5
38,72,10
38,63,10
38,76,10
38,88,10
38,52,10
38,68,5
122,38,10
38,45,10
38,36,5
39,67,5
39,127,5
108,39,10
39,84,10
39,3,5
39,74,5
39,44,5
39,123,5
117,39,10
39,87,5
39,56,10
39,68,5
109,39,10
39,63,5
39,66,10
39,42,10
39,7,5
39,43,10
39,36,5
39,2,5
39,35,5
40,110,5
100,40,10
40,92,10
115,40,10
40,13,5
40,93,10
40,25,5
40,88,10
40,52,10
122,40,10
40,2,5
40,56,5
40,76,10
40,68,10
40,22,5
40,71,10
40,84,10
40,57,10
40,66,10
40,63,10
40,44,10
40,54,5
40,7,5
40,36,5
40,45,10
41,96,10
41,99,10
41,81,10
41,68,10
41,65,10
41,44,10
41,90,10
101,41,10
41,64,10
41,47,10
41,19,5
41,97,10
116,41,10
41,58,10
115,41,10
41,61,10
41,52,10
41,94,10
41,59,10
41,93,10
41,92,10
41,80,10
41,84,10
41,89,10
119,41,10
126,41,10
41,88,10
41,76,10
41,53,10
122,41,10
41,60,10
41,51,10
42,6,5
42,34,5
42,86,5
117,42,10
42,95,10
42,109,5
42,49,10
43,7,5
108,43,10
115,43,10
43,35,5
43,63,10
43,76,10
43,52,10
43,84,10
43,13,5
43,56,5
43,45,10
43,10,5
44,80,10
44,84,5
121,44,10
44,58,10
44,99,10
44,76,10
127,44,10
44,70,10
44,106,5
100,44,10
44,61,10
44,87,10
44,83,10
122,44,10
44,7,5
123,44,10
44,51,10
115,44,10
44,46,10
44,89,10
44,90,10
110,44,10
44,27,5
44,67,10
44,94,10
44,52,10
44,92,10
44,74,10
44,62,10
44,53,10
44,72,10
44,2,5
44,59,10
44,68,10
44,71,10
44,19,5
44,36,5
44,22,5
44,30,5
45,98,10
45,92,10
45,47,10
110,45,10
125,45,10
45,93,10
115,45,10
45,56,5
116,45,10
45,88,10
45,51,10
45,84,10
45,52,10
45,72,10
45,76,10
45,57,10
45,19,5
45,5,5
45,53,10
45,7,5
45,63,10
45,60,10
45,3,5
45,36,5
46,38,5
46,70,10
46,58,5
46,127,5
121,46,10
46,22,5
46,53,10
46,83,10
46,81,10
46,104,5
46,15,5
46,71,5
46,123,5
46,51,10
46,1,5
46,65,5
46,45,5
46,98,10
46,74,10
46,13,5
46,67,5
46,90,10
46,80,10
46,99,10
46,40,5
110,46,10
46,76,10
46,52,10
46,48,10
125,46,10
115,46,10
46,75,10
46,27,5
122,46,10
46,92,10
46,59,5
46,57,10
46,68,10
46,72,10
122,47,10
110,47,10
47,123,5
47,81,5
47,72,10
47,51,10
47,61,10
47,126,5
47,53,5
47,67,10
47,60,10
47,64,10
47,2,5
47,25,5
115,47,10
47,68,5
48,51,5
48,67,5
48,74,5
48,62,5
48,22,5
48,90,5
48,94,5
48,16,5
48,110,5
48,106,5
48,100,5
48,115,5
48,27,5
48,83,5
48,99,10
48,79,10
48,111,5
48,17,5
48,58,5
48,123,5
48,89,5
48,52,10
124,48,10
48,19,5
48,70,5
113,48,10
48,15,5
48,84,10
48,9,5
48,60,10
48,7,5
48,72,5
48,44,5
48,0,5
48,57,10
49,39,5
49,25,5
49,35,5
50,3,5
50,9,5
50,36,5
50,88,5
50,40,5
50,43,5
50,53,10
50,84,5
50,104,5
100,50,10
50,45,5
50,52,10
50,76,10
50,90,5
50,94,10
50,86,5
50,28,5
115,50,10
50,123,5
104,51,10
112,51,10
110,51,10
51,107,5
51,84,5
51,106,5
51,6,5
51,74,10
51,83,10
103,51,10
51,22,5
51,64,10
51,80,10
51,67,10
123,51,10
51,92,10
100,51,10
51,90,10
51,96,10
51,62,10
51,99,10
51,65,10
51,54,5
51,89,5
51,98,10
51,94,10
51,27,5
125,51,10
119,51,10
126,51,10
51,88,10
51,97,10
51,53,10
115,51,10
51,76,10
51,52,10
51,93,10
51,59,10
51,61,10
122,51,10
116,51,10
51,72,10
51,58,10
51,81,10
51,60,10
51,71,10
51,40,5
52,71,10
52,96,5
52,124,5
52,120,5
106,52,10
52,36,5
52,104,5
103,52,10
52,47,5
52,64,10
52,61,10
52,88,10
52,98,10
52,74,10
121,52,10
52,97,10
100,52,10
101,52,10
52,70,10
52,55,5
52,80,10
52,99,10
52,27,5
110,52,10
52,62,10
52,90,10
123,52,10
52,83,10
119,52,10
52,54,5
52,30,5
116,52,10
52,111,5
52,67,10
52,20,5
52,65,10
52,94,10
125,52,10
52,93,10
52,86,10
52,92,10
52,84,10
114,52,10
52,66,10
52,56,5
126,52,10
52,59,10
115,52,10
52,58,10
52,87,5
122,52,10
52,53,10
52,75,10
52,81,10
52,57,10
52,68,10
52,72,10
52,7,5
52,6,5
52,60,10
52,76,10
52,63,10
53,61,10
127,53,10
125,53,10
53,82,5
110,53,10
53,83,10
53,97,10
53,104,5
53,60,10
53,90,10
123,53,10
115,53,10
101,53,10
53,54,5
53,59,10
53,93,10
122,53,10
126,53,10
53,64,10
53,67,10
53,63,10
116,53,10
119,53,10
53,72,10
53,76,10
53,58,10
53,57,10
53,68,5
53,20,5
53,81,10
53,71,5
53,7,5
53,36,5
53,3,5
53,66,5
53,22,5
55,67,5
55,44,5
55,106,5
55,76,10
55,15,5
55,90,10
55,62,10
55,56,5
55,17,5
55,68,10
55,36,5
55,19,5
55,72,5
55,10,5
55,5,5
55,3,5
55,109,5
55,7,5
55,69,5
55,22,5
55,66,5
55,0,5
56,63,10
56,76,10
56,68,5
56,84,10
56,6,5
56,70,10
56,66,10
57,67,5
57,83,10
57,37,5
57,106,5
57,80,5
57,61,5
110,57,10
57,19,5
57,90,5
57,123,5
125,57,10
57,99,10
57,122,5
57,89,5
57,27,5
57,92,10
57,59,5
115,57,10
124,57,10
57,58,10
57,68,5
57,51,5
57,11,5
57,116,5
57,62,5
57,3,5
57,72,5
57,79,10
113,57,10
57,44,5
57,9,5
57,31,5
57,7,5
57,2,5
57,84,10
58,61,10
58,74,10
110,58,10
122,58,10
58,89,10
58,99,10
58,6,5
115,58,10
58,94,10
58,88,10
119,58,10
58,93,10
58,68,5
58,83,10
58,60,10
125,58,10
58,40,5
58,59,10
126,58,10
58,62,10
58,3,5
58,80,10
58,84,10
58,72,5
58,7,5
58,63,10
58,76,10
116,58,10
58,67,10
58,71,10
59,83,10
59,65,5
59,81,10
103,59,10
59,40,5
101,59,10
59,89,5
59,88,10
59,47,5
59,60,5
59,76,10
59,67,5
59,99,10
59,90,10
59,97,10
59,122,5
59,94,10
115,59,10
59,37,5
59,7,5
125,59,10
119,59,10
59,93,10
59,27,5
59,75,10
59,45,5
59,0,5
59,72,5
59,114,5
59,17,5
116,59,10
59,15,5
59,71,10
60,122,5
60,94,10
60,67,5
60,61,5
60,46,5
60,81,10
60,64,10
60,3,5
100,60,10
60,106,5
114,60,10
103,60,10
60,97,10
60,68,10
60,123,5
60,40,5
60,83,10
60,54,5
60,90,10
60,16,5
60,99,10
60,65,10
60,80,10
110,60,10
126,60,10
60,93,10
115,60,10
60,89,5
125,60,10
60,72,10
60,92,10
116,60,10
60,84,10
60,88,10
119,60,10
60,76,10
60,7,5
60,63,10
61,89,10
127,61,10
100,61,10
61,81,5
61,97,10
61,62,10
61,112,5
61,37,5
61,83,10
61,93,10
123,61,10
61,40,5
61,90,10
61,96,10
115,61,10
110,61,10
61,125,5
61,27,5
61,25,5
61,2,5
61,67,10
61,68,10
61,71,10
61,56,5
61,64,10
62,71,10
122,62,10
62,127,5
62,90,10
62,80,10
62,67,10
123,62,10
62,83,10
62,74,10
62,99,10
62,93,10
62,25,5
62,72,10
63,101,5
63,11,5
63,104,5
63,90,5
63,123,5
63,107,5
63,22,5
63,81,5
63,67,5
63,126,5
63,86,10
63,33,5
63,122,5
63,16,5
63,37,5
63,3,5
63,18,5
63,92,10
63,94,10
63,41,5
63,74,10
63,51,5
125,63,10
63,80,10
63,2,5
63,71,10
120,63,10
63,115,5
63,93,10
63,84,10
63,116,5
63,72,5
63,88,10
63,66,10
63,68,5
63,76,10
63,7,5
63,36,5
64,38,5
64,89,10
64,96,10
64,1,5
64,25,5
64,126,5
64,27,5
64,76,10
64,93,10
64,45,5
115,64,10
64,90,5
125,64,10
64,99,10
64,122,5
64,65,5
64,123,5
64,40,5
64,3,5
110,64,10
65,27,5
65,83,5
65,50,5
65,92,10
65,25,5
65,72,10
65,71,10
65,76,10
65,98,10
65,84,5
100,65,10
65,88,10
65,63,5
122,65,10
65,81,10
115,65,10
65,94,10
65,90,10
110,65,10
117,66,10
66,122,5
66,6,5
66,88,10
66,84,10
66,21,5
66,70,10
66,71,5
66,68,10
66,19,5
66,76,10
66,8,5
66,0,5
67,64,5
67,125,5
106,67,10
67,72,10
118,67,10
67,90,10
67,80,10
115,67,10
67,73,10
119,67,10
67,74,10
67,93,10
67,99,10
127,67,10
123,67,10
122,67,10
67,83,10
67,68,10
126,67,10
67,17,5
68,83,10
118,68,10
68,127,5
68,37,5
106,68,10
68,90,10
68,3,5
68,74,10
123,68,10
68,75,10
110,68,10
115,68,10
68,7,5
68,22,5
122,68,10
68,71,10
68,72,10
68,36,5
70,72,5
70,81,5
70,99,10
70,74,5
115,70,10
70,84,10
70,114,5
70,36,5
70,123,5
70,40,5
70,80,10
70,90,10
70,2,5
70,93,10
122,70,10
70,71,10
71,20,5
71,2,5
71,116,5
71,37,5
71,125,5
104,71,10
71,27,5
71,67,5
71,123,5
71,94,10
71,90,10
115,71,10
71,74,10
100,71,10
71,99,10
71,75,10
122,71,10
71,3,5
71,80,10
71,72,10
71,21,5
125,72,10
72,127,5
106,72,10
72,112,5
72,93,10
72,94,10
72,90,10
115,72,10
110,72,10
72,99,10
72,80,10
72,27,5
72,92,10
72,89,10
116,72,10
73,44,5
73,74,10
73,93,5
73,90,5
73,61,5
73,82,5
118,73,10
73,46,5
73,123,5
73,52,5
127,73,10
74,13,5
74,94,5
74,84,5
74,61,5
74,56,5
74,36,5
74,80,10
122,74,10
74,126,5
74,76,10
74,89,10
115,74,10
74,93,10
74,53,5
74,7,5
127,74,10
74,82,5
74,114,5
74,81,10
74,99,10
74,83,10
74,2,5
74,6,5
110,74,10
123,74,10
74,35,5
74,45,5
74,57,5
74,22,5
75,15,5
75,67,5
75,81,5
75,37,5
75,45,5
75,17,5
75,74,5
75,70,5
75,3,5
75,110,5
75,16,5
75,122,5
75,5,5
75,88,10
75,76,10
75,99,10
100,75,10
75,89,10
125,75,10
75,44,5
75,93,10
75,27,5
75,80,10
75,36,5
76,67,5
76,61,5
76,81,5
76,80,10
76,83,10
120,76,10
76,104,5
110,76,10
76,47,5
100,76,10
76,3,5
76,99,10
76,94,10
101,76,10
115,76,10
76,90,10
123,76,10
76,16,5
76,93,10
76,125,5
76,29,5
76,57,5
126,76,10
76,92,10
122,76,10
116,76,10
76,84,10
76,11,5
76,72,5
76,87,10
76,0,5
76,88,10
76,68,5
76,71,5
76,7,5
76,13,5
76,6,5
77,88,5
77,93,5
77,12,5
77,39,5
78,28,5
78,39,5
78,86,5
78,91,10
78,33,5
78,95,10
78,53,5
78,117,5
78,6,5
78,109,5
78,5,5
78,26,5
113,79,10
79,20,5
79,0,5
79,6,5
80,94,10
80,30,5
107,80,10
80,104,5
110,80,10
80,97,10
80,127,5
106,80,10
80,88,5
103,80,10
80,112,5
116,80,10
80,43,5
80,47,5
80,45,5
118,80,10
80,25,5
80,123,5
80,61,5
114,80,10
80,64,5
100,80,10
101,80,10
125,80,10
80,7,5
80,39,5
80,99,10
80,109,5
80,40,5
80,93,10
115,80,10
80,83,10
80,66,5
80,53,5
80,84,10
80,27,5
80,89,5
122,80,10
80,56,5
80,68,5
80,36,5
81,94,10
107,81,10
110,81,10
122,81,10
100,81,10
126,81,10
81,64,5
116,81,10
123,82,10
82,67,5
82,127,5
83,105,5
83,72,5
116,83,10
83,20,5
83,47,5
83,104,5
100,83,10
83,94,10
83,127,5
83,38,5
103,83,10
83,99,10
83,112,5
83,119,5
83,7,5
83,27,5
123,83,10
115,83,10
83,93,10
83,22,5
83,90,10
110,83,10
83,89,10
83,120,5
83,41,5
122,83,10
83,111,5
125,83,10
83,114,5
83,40,5
83,17,5
83,36,5
84,107,5
84,106,5
115,84,10
84,93,10
117,84,10
84,92,5
126,84,10
84,13,5
124,84,10
84,72,5
84,46,5
84,68,5
84,122,5
84,88,10
84,17,5
84,7,5
84,6,5
84,36,5
86,40,5
86,41,5
86,53,5
86,18,5
86,38,5
86,67,5
86,123,5
86,110,5
86,13,5
86,115,5
86,25,5
86,90,5
86,3,5
86,61,5
86,49,5
86,24,5
86,109,5
100,86,10
86,122,5
86,16,5
86,95,5
86,21,5
86,76,5
86,37,5
86,68,5
86,11,5
86,9,5
86,58,5
86,27,5
86,93,5
86,54,5
86,72,5
86,26,5
86,39,5
86,10,5
86,5,5
86,8,5
86,22,5
86,15,5
86,45,5
86,36,5
87,81,5
87,74,5
87,51,5
87,61,5
87,96,10
87,65,5
87,115,5
87,37,5
87,6,5
87,67,5
100,87,10
87,90,10
87,2,5
122,87,10
87,56,5
87,92,5
123,87,10
87,36,5
87,66,5
87,3,5
87,20,5
87,0,5
87,68,5
87,7,5
112,88,10
88,104,5
88,61,5
88,123,5
88,101,5
88,90,5
110,88,10
88,16,5
88,99,10
88,114,5
126,88,10
125,88,10
88,93,10
88,94,10
88,33,5
88,92,10
116,88,10
88,11,5
88,122,5
88,37,5
115,88,10
88,72,5
88,13,5
88,53,5
88,14,5
88,56,5
88,54,5
88,68,5
88,87,5
88,43,5
88,6,5
88,8,5
88,36,5
88,71,5
88,7,5
89,96,5
89,3,5
89,67,5
89,127,5
89,107,5
89,45,5
89,36,5
89,40,5
115,89,10
89,27,5
118,90,10
116,90,10
90,107,5
90,127,5
114,90,10
90,97,10
90,93,10
90,84,5
90,45,5
90,7,5
90,94,10
122,90,10
90,99,10
90,40,5
90,19,5
90,125,5
90,58,5
110,90,10
90,6,5
115,90,10
123,90,10
91,84,5
91,117,5
91,121,5
91,61,5
91,112,5
91,38,5
91,99,5
91,54,5
91,97,5
91,98,5
91,103,5
91,82,5
91,73,5
91,105,5
91,123,5
91,87,5
91,30,5
91,94,5
91,44,5
91,100,5
91,12,5
91,118,5
91,119,5
91,18,5
91,126,5
91,53,5
91,49,5
91,42,5
91,127,5
91,74,5
91,50,5
91,106,5
91,83,5
91,104,5
91,65,5
91,60,5
91,115,5
91,37,5
91,90,5
91,20,5
91,3,5
91,67,5
91,13,5
91,113,5
91,29,5
91,122,5
91,23,5
91,58,5
91,101,5
91,19,5
91,110,5
91,85,5
91,1,5
91,59,5
91,16,5
91,95,5
91,79,5
91,114,5
91,46,5
91,55,5
91,111,5
91,124,5
91,25,5
91,33,5
91,40,5
91,120,5
91,6,5
91,9,5
91,63,5
91,76,5
91,48,5
91,11,5
91,52,5
91,2,5
91,72,5
91,92,5
91,27,5
91,62,5
91,7,5
91,35,5
91,56,5
91,22,5
91,0,5
91,14,5
91,4,5
91,8,5
91,89,5
91,17,5
91,57,5
91,75,5
91,24,5
91,26,5
91,36,5
91,10,5
91,39,5
91,5,5
91,68,5
91,69,5
92,123,5
92,47,5
92,64,5
92,101,5
92,3,5
92,111,5
92,90,5
110,92,10
92,99,10
92,94,10
92,43,5
92,4,5
92,89,5
92,119,5
92,48,5
92,1,5
92,93,10
121,92,10
92,59,5
92,126,5
92,18,5
92,9,5
92,12,5
125,92,10
92,13,5
116,92,10
92,58,5
92,62,5
92,11,5
92,30,5
92,10,5
92,5,5
92,31,5
92,80,5
92,20,5
92,71,5
92,68,5
92,66,5
92,17,5
92,53,5
92,75,5
93,46,5
93,106,5
100,93,10
93,19,5
101,93,10
93,55,5
110,93,10
93,99,10
93,98,10
93,97,10
119,93,10
116,93,10
93,94,10
115,93,10
122,93,10
126,93,10
114,93,10
93,125,5
114,94,10
94,99,10
115,94,10
123,94,10
116,94,10
110,94,10
126,94,10
119,94,10
125,94,10
94,53,5
95,49,5
95,10,5
95,5,5
95,26,5
96,16,5
96,125,5
115,96,10
96,40,5
96,112,5
123,96,10
96,67,5
96,68,5
97,13,5
110,97,10
103,97,10
97,99,10
100,97,10
125,97,10
115,97,10
97,7,5
116,97,10
97,84,5
97,40,5
97,45,5
98,84,5
98,41,5
98,88,5
98,76,5
98,2,5
98,86,5
98,122,5
98,90,5
103,98,10
98,16,5
110,98,10
123,98,10
100,98,10
115,98,10
113,99,10
121,99,10
99,111,5
99,84,5
99,106,5
114,99,10
99,61,5
116,99,10
103,99,10
100,99,10
112,99,10
99,119,5
99,3,5
99,13,5
99,123,5
125,99,10
115,99,10
99,27,5
122,99,10
99,53,5
99,9,5
99,15,5
99,38,5
110,99,10
99,40,5
99,20,5
99,68,5
100,22,5
100,30,5
100,38,5
100,118,5
100,107,5
100,109,5
100,96,5
100,106,5
100,74,5
100,57,5
100,53,5
100,17,5
100,103,10
100,58,5
100,111,5
100,116,5
100,127,5
100,41,5
100,39,5
100,26,5
100,62,5
100,67,5
100,72,5
100,8,5
100,46,5
100,19,5
100,110,10
100,5,5
100,10,5
100,37,5
100,89,5
100,125,5
100,94,5
100,122,10
100,90,5
100,36,5
100,92,5
100,2,5
100,27,5
100,115,10
100,3,5
100,25,5
100,123,10
100,6,5
100,11,5
100,68,5
100,56,5
100,7,5
101,25,5
101,8,5
101,17,5
101,116,5
101,29,5
101,126,10
101,115,5
101,89,5
101,98,5
101,37,5
101,40,5
101,51,5
102,66,5
102,56,5
102,60,5
102,3,5
102,76,5
102,15,5
102,97,5
102,99,5
102,80,5
102,31,5
102,2,5
102,81,5
102,110,5
102,38,5
102,98,5
102,126,5
102,53,5
102,90,5
102,94,5
102,93,5
102,58,5
102,92,5
102,22,5
102,88,5
102,63,5
102,40,5
102,45,5
102,67,5
102,115,5
102,17,5
102,1,5
102,9,5
103,118,5
103,7,5
103,19,5
103,121,5
103,81,5
103,125,5
103,63,5
103,104,5
103,43,5
103,72,5
103,32,5
103,46,5
103,127,5
103,6,5
103,114,5
103,57,5
103,53,5
103,38,5
103,119,5
103,13,5
103,106,5
103,84,5
103,126,5
103,47,5
103,22,5
103,36,5
103,92,5
103,18,5
103,112,5
103,9,5
103,76,5
103,54,5
103,64,5
103,20,5
103,89,5
103,61,5
103,15,5
103,94,5
103,65,5
103,44,5
103,93,5
103,2,5
103,58,5
103,3,5
103,67,5
103,8,5
103,17,5
103,45,5
103,123,5
103,62,5
103,74,5
103,116,10
103,115,10
103,90,5
103,110,10
104,110,10
104,114,5
104,41,5
104,123,5
104,15,5
104,90,5
104,122,5
104,11,5
105,27,5
106,122,10
106,13,5
106,118,10
106,7,5
106,6,5
107,110,5
107,38,5
107,71,5
108,6,5
108,52,5
108,9,5
108,15,5
108,66,5
108,33,5
108,56,5
108,76,5
108,84,5
108,78,5
108,7,5
108,88,5
108,109,5
108,32,5
108,14,5
108,26,5
109,117,10
109,24,5
109,6,5
109,0,5
109,49,5
109,36,5
109,35,5
109,7,5
109,66,5
110,116,10
110,67,5
110,121,10
110,112,10
110,125,10
110,115,10
110,123,10
110,122,10
111,127,5
111,71,5
111,89,5
111,93,5
111,125,5
111,59,5
111,16,5
112,0,5
112,19,5
112,76,5
112,45,5
113,36,5
113,124,10
113,106,5
113,96,5
113,52,5
113,7,5
113,68,5
114,110,5
114,58,5
114,116,5
114,38,5
114,61,5
114,2,5
114,125,10
115,127,5
115,30,5
115,55,5
115,123,10
115,126,10
115,125,10
115,120,5
115,27,5
115,56,5
115,119,10
115,121,10
115,35,5
115,7,5
115,22,5
115,122,10
115,116,10
115,36,5
116,68,5
116,3,5
116,119,10
116,47,5
116,96,5
116,61,5
116,126,5
116,104,5
116,67,5
116,7,5
116,54,5
116,19,5
116,40,5
116,9,5
116,125,10
117,36,5
117,118,5
117,127,5
117,55,5
117,4,5
117,77,5
117,70,5
117,35,5
117,68,5
117,56,5
117,6,5
117,63,5
118,6,5
118,123,5
118,127,10
119,20,5
119,64,5
119,47,5
119,98,5
119,45,5
119,125,10
119,126,10
119,62,5
119,15,5
119,19,5
119,46,5
119,72,5
119,57,5
119,17,5
119,48,5
119,2,5
119,68,5
120,43,5
121,125,5
121,74,5
121,100,5
121,76,5
121,70,5
121,127,5
121,53,5
121,51,5
121,106,5
121,83,5
121,45,5
121,67,5
121,37,5
121,62,5
121,112,5
121,31,5
121,93,5
121,58,5
121,65,5
121,90,5
121,123,5
121,27,5
121,114,5
121,3,5
121,2,5
121,25,5
121,6,5
122,61,5
122,96,5
122,123,10
122,6,5
122,27,5
123,72,5
123,120,5
123,7,5
123,127,5
123,125,10
123,58,5
123,27,5
123,36,5
123,2,5
123,40,5
124,36,5
124,17,5
124,119,5
124,61,5
124,106,5
124,2,5
124,55,5
124,67,5
124,25,5
124,66,5
124,56,5
124,76,5
124,7,5
125,106,5
125,112,5
125,48,5
125,40,5
125,27,5
125,7,5
126,90,5
126,15,5
126,45,5
126,89,5
126,57,5
126,68,5
127,106,5
27,90,1
13,27,1
0,12,1
0,39,1
0,78,1
12,55,1
12,78,1
21,39,1
21,55,1
21,78,1
33,55,1
39,55,1
55,78,1
0,19,1
105,8,1
10,29,1
29,55,1
0,30,1
12,30,1
12,72,1
12,87,1
12,89,1
15,30,1
15,36,1
16,30,1
16,36,1
16,80,1
30,38,1
30,58,1
30,72,1
30,87,1
30,89,1
36,58,1
36,72,1
58,87,1
68,89,1
72,87,1
80,87,1
83,87,1
87,89,1
12,8,1
12,2,1
2,36,1
21,3,1
3,36,1
11,12,1
11,83,1
12,19,1
12,37,1
12,46,1
19,36,1
19,40,1
122,19,1
21,36,1
36,37,1
36,46,1
25,6,1
27,6,1
53,6,1
12,25,1
12,27,1
12,53,1
12,75,1
12,76,1
13,39,1
13,83,1
13,87,1
25,39,1
25,87,1
25,89,1
27,39,1
27,53,1
27,68,1
27,74,1
27,76,1
27,87,1
38,39,1
38,75,1
39,52,1
39,53,1
39,75,1
39,76,1
39,83,1
39,89,1
115,39,1
52,89,1
53,75,1
53,87,1
53,89,1
75,83,1
75,87,1
115,75,1
76,89,1
80,91,1
8,98,1
12,98,1
47,8,1
65,8,1
16,47,1
47,65,1
53,65,1
30,39,1
30,53,1
30,63,1
30,74,1
30,86,1
39,58,1
39,90,1
122,39,1
58,75,1
63,75,1
63,83,1
63,87,1
63,89,1
74,86,1
74,90,1
75,86,1
75,90,1
80,86,1
80,90,1
83,86,1
86,87,1
86,89,1
89,90,1
122,89,1
0,24,1
0,18,1
0,42,1
0,43,1
0,65,1
0,103,1
10,15,1
10,16,1
10,18,1
10,21,1
10,27,1
10,52,1
10,65,1
10,74,1
10,80,1
10,87,1
10,89,1
10,90,1
10,103,1
10,112,1
15,27,1
15,39,1
15,42,1
15,65,1
112,15,1
16,39,1
16,42,1
16,43,1
16,55,1
18,36,1
18,39,1
18,42,1
18,43,1
18,55,1
18,87,1
21,42,1
21,43,1
21,65,1
21,74,1
21,89,1
112,21,1
27,36,1
27,42,1
27,43,1
27,55,1
103,27,1
112,27,1
36,42,1
36,65,1
36,90,1
112,36,1
39,65,1
103,39,1
112,39,1
42,43,1
42,52,1
42,55,1
42,65,1
42,74,1
42,75,1
42,80,1
42,87,1
42,89,1
42,90,1
103,42,1
112,42,1
115,42,1
43,55,1
43,65,1
43,74,1
43,75,1
43,86,1
43,87,1
43,89,1
43,90,1
112,43,1
112,52,1
55,65,1
55,74,1
55,75,1
55,80,1
55,86,1
55,87,1
55,89,1
103,55,1
112,55,1
65,74,1
65,75,1
65,80,1
65,86,1
65,89,1
112,65,1
112,74,1
103,75,1
112,75,1
103,86,1
112,86,1
103,87,1
112,87,1
112,89,1
112,90,1
112,115,1
3,59,1
0,105,1
0,111,1
13,5,1
15,5,1
16,5,1
18,5,1
20,5,1
22,5,1
25,5,1
27,5,1
29,5,1
30,5,1
31,5,1
37,5,1
38,5,1
40,5,1
46,5,1
48,5,1
5,52,1
5,53,1
5,58,1
5,59,1
5,67,1
5,68,1
5,71,1
5,72,1
5,74,1
5,76,1
5,80,1
5,83,1
5,87,1
5,89,1
5,90,1
105,5,1
111,5,1
115,5,1
122,5,1
127,5,1
16,6,1
18,6,1
22,6,1
30,6,1
31,6,1
45,6,1
48,6,1
59,6,1
6,86,1
105,6,1
111,6,1
127,6,1
11,20,1
11,22,1
11,27,1
11,31,1
11,45,1
11,48,1
11,58,1
11,59,1
11,74,1
11,87,1
11,89,1
105,11,1
11,111,1
11,127,1
12,22,1
12,29,1
12,31,1
12,45,1
12,48,1
12,59,1
12,71,1
105,12,1
111,12,1
13,20,1
13,22,1
13,31,1
13,36,1
13,45,1
13,48,1
13,58,1
13,59,1
105,13,1
111,13,1
127,13,1
105,15,1
111,15,1
127,15,1
16,71,1
105,16,1
18,45,1
18,48,1
105,18,1
111,18,1
20,22,1
20,27,1
20,36,1
20,45,1
20,46,1
20,48,1
20,58,1
20,59,1
20,72,1
20,74,1
20,75,1
20,76,1
20,86,1
20,89,1
20,90,1
105,20,1
127,20,1
22,27,1
22,30,1
22,36,1
22,59,1
22,67,1
22,72,1
22,80,1
105,22,1
111,22,1
122,22,1
25,30,1
105,25,1
27,30,1
27,37,1
27,40,1
27,45,1
27,58,1
27,67,1
111,27,1
127,27,1
29,30,1
29,48,1
29,71,1
29,86,1
29,87,1
29,89,1
29,90,1
105,29,1
30,37,1
30,40,1
30,45,1
30,46,1
30,48,1
30,59,1
30,67,1
30,71,1
30,76,1
105,30,1
111,30,1
127,30,1
31,36,1
31,58,1
31,86,1
31,87,1
31,89,1
105,31,1
111,31,1
36,48,1
36,59,1
36,67,1
36,76,1
105,36,1
111,36,1
127,36,1
37,48,1
37,89,1
105,37,1
111,37,1
127,37,1
38,40,1
38,48,1
105,38,1
127,38,1
40,48,1
40,53,1
40,67,1
40,72,1
40,74,1
40,75,1
40,87,1
105,40,1
111,40,1
127,40,1
45,48,1
45,58,1
45,67,1
45,68,1
45,71,1
45,83,1
45,87,1
105,45,1
111,45,1
122,45,1
127,45,1
46,86,1
46,87,1
46,89,1
105,46,1
111,46,1
48,53,1
48,59,1
48,68,1
48,71,1
48,75,1
48,76,1
48,80,1
48,86,1
48,87,1
105,48,1
122,48,1
127,48,1
105,52,1
127,52,1
105,53,1
111,53,1
105,58,1
111,58,1
127,58,1
59,68,1
59,74,1
59,80,1
59,86,1
59,87,1
105,59,1
127,59,1
105,67,1
111,67,1
105,68,1
111,68,1
71,83,1
71,86,1
71,87,1
71,89,1
105,71,1
127,71,1
72,74,1
72,75,1
105,72,1
111,72,1
122,72,1
105,74,1
111,74,1
105,75,1
111,75,1
127,75,1
105,76,1
111,76,1
127,76,1
105,80,1
111,80,1
105,86,1
111,86,1
127,86,1
105,87,1
111,87,1
127,87,1
105,89,1
105,90,1
111,90,1
105,111,1
105,115,1
105,122,1
105,127,1
111,115,1
111,122,1
122,127,1
19,86,1
44,86,1
0,47,1
0,61,1
0,64,1
0,99,1
0,118,1
1,5,1
1,6,1
1,20,1
1,22,1
1,27,1
1,30,1
1,36,1
1,39,1
1,42,1
1,54,1
1,67,1
1,68,1
1,71,1
1,78,1
1,86,1
1,100,1
1,118,1
1,121,1
1,123,1
1,127,1
2,5,1
2,6,1
2,20,1
2,27,1
2,30,1
2,42,1
2,54,1
2,78,1
2,86,1
2,89,1
127,2,1
47,5,1
5,51,1
5,54,1
5,64,1
5,99,1
118,5,1
121,5,1
123,5,1
41,6,1
47,6,1
54,6,1
6,64,1
6,99,1
11,39,1
11,42,1
11,47,1
11,54,1
11,61,1
11,64,1
11,78,1
11,118,1
11,121,1
12,41,1
12,42,1
12,47,1
12,51,1
12,54,1
12,61,1
12,64,1
12,99,1
12,121,1
13,42,1
13,47,1
13,54,1
13,61,1
13,64,1
13,78,1
118,13,1
121,13,1
123,13,1
15,54,1
15,64,1
15,78,1
15,91,1
118,15,1
16,64,1
16,78,1
118,16,1
20,21,1
20,39,1
20,41,1
20,42,1
20,54,1
20,78,1
118,20,1
121,20,1
21,22,1
21,30,1
21,91,1
118,21,1
121,21,1
127,21,1
22,39,1
22,41,1
22,42,1
22,47,1
22,54,1
22,61,1
22,64,1
22,78,1
22,99,1
118,22,1
121,22,1
25,41,1
25,42,1
25,54,1
25,78,1
118,25,1
27,41,1
27,47,1
27,54,1
27,78,1
118,27,1
29,39,1
29,42,1
29,47,1
29,54,1
29,78,1
118,29,1
121,29,1
30,41,1
30,42,1
30,47,1
30,51,1
30,54,1
30,61,1
30,64,1
30,78,1
30,99,1
118,30,1
121,30,1
123,30,1
36,41,1
36,47,1
36,51,1
36,54,1
36,61,1
36,64,1
36,78,1
36,99,1
118,36,1
121,36,1
37,39,1
37,42,1
37,47,1
37,54,1
37,78,1
118,37,1
38,42,1
38,47,1
38,61,1
38,78,1
118,38,1
39,40,1
39,41,1
39,45,1
39,46,1
39,47,1
39,51,1
39,54,1
39,59,1
39,61,1
39,64,1
39,71,1
39,99,1
118,39,1
121,39,1
40,41,1
40,42,1
40,47,1
40,78,1
118,40,1
121,40,1
41,42,1
41,45,1
41,46,1
41,54,1
41,67,1
41,71,1
41,78,1
41,91,1
118,41,1
121,41,1
123,41,1
127,41,1
42,45,1
42,46,1
42,47,1
42,51,1
42,53,1
42,54,1
42,58,1
42,59,1
42,61,1
42,64,1
42,67,1
42,68,1
42,71,1
42,78,1
42,99,1
100,42,1
118,42,1
121,42,1
122,42,1
123,42,1
127,42,1
45,54,1
45,61,1
45,78,1
45,91,1
45,99,1
100,45,1
118,45,1
123,45,1
46,47,1
46,54,1
46,61,1
46,64,1
46,78,1
118,46,1
47,54,1
47,58,1
47,71,1
47,78,1
47,86,1
47,89,1
47,91,1
47,99,1
100,47,1
118,47,1
121,47,1
127,47,1
51,68,1
51,78,1
51,86,1
51,91,1
118,51,1
127,51,1
52,78,1
118,52,1
118,53,1
54,58,1
54,59,1
54,61,1
54,64,1
54,67,1
54,68,1
54,71,1
54,78,1
54,80,1
54,89,1
54,99,1
100,54,1
115,54,1
118,54,1
121,54,1
122,54,1
123,54,1
127,54,1
58,64,1
58,78,1
118,58,1
59,61,1
59,64,1
59,78,1
100,59,1
118,59,1
121,59,1
123,59,1
61,78,1
118,61,1
121,61,1
64,68,1
64,71,1
64,78,1
64,86,1
64,91,1
100,64,1
118,64,1
121,64,1
127,64,1
67,78,1
68,78,1
121,68,1
71,78,1
71,91,1
118,71,1
121,71,1
78,80,1
78,89,1
78,99,1
100,78,1
115,78,1
118,78,1
121,78,1
122,78,1
123,78,1
127,78,1
121,80,1
86,91,1
86,99,1
118,86,1
121,86,1
89,99,1
118,89,1
121,89,1
123,89,1
118,99,1
127,99,1
115,118,1
118,121,1
118,122,1
121,122,1
116,27,1
79,8,1
19,79,1
21,79,1
10,2,1
6,8,1
6,62,1
10,8,1
30,8,1
48,8,1
61,8,1
8,87,1
8,89,1
10,11,1
10,25,1
10,30,1
10,31,1
10,48,1
10,61,1
10,62,1
10,68,1
10,71,1
10,105,1
10,122,1
11,62,1
27,62,1
30,62,1
31,62,1
31,91,1
100,31,1
48,61,1
105,61,1
62,68,1
62,86,1
62,87,1
62,89,1
105,62,1
115,62,1
100,105,1
59,8,1
30,84,1
59,84,1
83,84,1
110,59,1
1,55,1
1,79,1
29,79,1
39,79,1
46,55,1
46,79,1
51,55,1
51,79,1
55,79,1
44,45,1
19,29,1
19,30,1
30,55,1
10,53,1
10,126,1
126,30,1
100,126,1
0,84,1
2,55,1
3,5,1
10,3,1
3,84,1
44,5,1
5,84,1
10,37,1
10,40,1
10,84,1
11,55,1
11,84,1
12,84,1
37,55,1
37,84,1
40,55,1
55,84,1
100,55,1
84,86,1
100,84,1
0,56,1
0,88,1
2,56,1
10,19,1
10,76,1
10,83,1
10,88,1
18,56,1
19,56,1
19,88,1
38,55,1
38,56,1
44,56,1
44,88,1
55,71,1
55,83,1
55,88,1
56,71,1
56,83,1
83,88,1
17,5,1
12,17,1
17,21,1
17,71,1
12,73,1
27,73,1
38,98,1
55,8,1
58,8,1
48,55,1
55,58,1
19,5,1
1,44,1
2,26,1
22,26,1
110,27,1
30,43,1
110,30,1
110,36,1
37,43,1
38,43,1
43,51,1
43,58,1
43,59,1
43,72,1
43,83,1
110,43,1
51,75,1
110,87,1
13,3,1
125,3,1
5,8,1
5,62,1
125,5,1
125,8,1
11,17,1
11,125,1
13,17,1
13,55,1
125,13,1
17,37,1
17,44,1
17,61,1
17,62,1
17,80,1
17,90,1
122,17,1
125,44,1
46,62,1
53,55,1
53,62,1
55,61,1
55,92,1
122,55,1
125,55,1
61,72,1
61,92,1
62,76,1
125,62,1
83,92,1
122,92,1
122,125,1
100,79,1
103,11,1
11,110,1
19,39,1
19,87,1
110,19,1
123,19,1
39,62,1
110,39,1
110,55,1
123,55,1
110,62,1
103,122,1
19,60,1
60,74,1
0,9,1
5,9,1
5,56,1
5,79,1
56,8,1
10,9,1
17,9,1
19,9,1
30,9,1
37,9,1
46,9,1
72,9,1
79,9,1
80,9,1
83,9,1
10,17,1
10,46,1
10,72,1
10,79,1
12,56,1
12,79,1
17,19,1
17,30,1
17,56,1
17,79,1
18,79,1
21,48,1
21,56,1
25,56,1
25,79,1
30,56,1
30,79,1
37,79,1
44,79,1
46,56,1
48,56,1
52,79,1
56,72,1
56,79,1
71,79,1
72,79,1
79,80,1
79,83,1
115,79,1
105,44,1
0,26,1
0,28,1
0,49,1
0,73,1
0,96,1
0,97,1
0,117,1
0,120,1
2,28,1
2,35,1
2,49,1
2,66,1
2,73,1
2,96,1
2,97,1
109,2,1
117,2,1
120,2,1
5,57,1
5,63,1
5,66,1
5,70,1
5,73,1
5,93,1
5,96,1
5,97,1
103,5,1
120,5,1
35,6,1
55,6,1
57,6,1
6,73,1
6,92,1
6,93,1
6,96,1
6,97,1
120,6,1
125,6,1
10,13,1
10,45,1
10,47,1
10,51,1
10,57,1
10,58,1
10,63,1
10,70,1
10,73,1
10,93,1
10,96,1
10,97,1
10,99,1
10,118,1
10,120,1
10,125,1
11,26,1
11,35,1
11,49,1
11,56,1
11,66,1
11,70,1
11,73,1
11,79,1
11,93,1
11,96,1
11,97,1
109,11,1
11,117,1
11,120,1
13,26,1
13,28,1
13,35,1
13,49,1
13,56,1
13,57,1
13,70,1
13,73,1
13,79,1
13,96,1
109,13,1
117,13,1
120,13,1
16,26,1
16,28,1
16,33,1
16,35,1
16,49,1
16,56,1
16,57,1
16,66,1
16,79,1
16,97,1
109,16,1
117,16,1
120,16,1
18,26,1
18,28,1
18,33,1
18,35,1
18,49,1
18,66,1
18,96,1
109,18,1
117,18,1
120,18,1
25,26,1
25,28,1
25,35,1
25,57,1
25,66,1
25,70,1
25,96,1
109,25,1
117,25,1
26,28,1
26,29,1
26,35,1
26,36,1
26,37,1
26,38,1
26,40,1
26,44,1
26,45,1
26,46,1
26,47,1
26,48,1
26,51,1
26,52,1
26,53,1
26,55,1
26,56,1
26,57,1
26,58,1
26,62,1
26,63,1
26,66,1
26,67,1
26,68,1
26,70,1
26,71,1
26,73,1
26,74,1
26,75,1
26,76,1
26,79,1
26,80,1
26,83,1
26,84,1
26,87,1
26,89,1
26,90,1
26,92,1
26,93,1
26,96,1
26,97,1
26,99,1
103,26,1
115,26,1
118,26,1
120,26,1
122,26,1
125,26,1
127,26,1
28,29,1
28,35,1
28,36,1
28,37,1
28,38,1
28,39,1
28,44,1
28,45,1
28,46,1
28,47,1
28,48,1
28,49,1
28,51,1
28,53,1
28,55,1
28,57,1
28,58,1
28,62,1
28,66,1
28,67,1
28,73,1
28,74,1
28,75,1
28,79,1
28,83,1
28,86,1
28,87,1
28,89,1
28,91,1
28,92,1
28,93,1
28,96,1
28,97,1
28,99,1
103,28,1
109,28,1
118,28,1
120,28,1
125,28,1
127,28,1
29,33,1
29,49,1
29,57,1
29,63,1
29,66,1
29,70,1
29,73,1
29,84,1
29,96,1
29,97,1
109,29,1
117,29,1
120,29,1
33,37,1
33,40,1
33,44,1
33,45,1
33,47,1
33,48,1
33,51,1
33,53,1
33,56,1
33,57,1
33,58,1
33,62,1
33,66,1
33,67,1
33,70,1
33,73,1
33,74,1
33,79,1
33,83,1
33,84,1
33,86,1
33,87,1
33,89,1
33,90,1
33,92,1
33,93,1
33,96,1
33,97,1
33,99,1
100,33,1
103,33,1
118,33,1
120,33,1
127,33,1
35,36,1
35,38,1
35,40,1
35,44,1
35,45,1
35,46,1
35,47,1
35,48,1
35,51,1
35,52,1
35,53,1
35,56,1
35,57,1
35,58,1
35,62,1
35,63,1
35,66,1
35,68,1
35,70,1
35,71,1
35,73,1
35,75,1
35,76,1
35,79,1
35,80,1
35,83,1
35,84,1
35,86,1
35,87,1
35,89,1
35,90,1
35,92,1
35,93,1
35,96,1
35,97,1
35,99,1
100,35,1
103,35,1
118,35,1
120,35,1
122,35,1
125,35,1
127,35,1
36,49,1
36,57,1
36,62,1
36,73,1
36,79,1
36,92,1
36,93,1
36,96,1
36,97,1
120,36,1
125,36,1
37,49,1
37,66,1
37,70,1
37,73,1
37,96,1
37,97,1
109,37,1
117,37,1
120,37,1
38,49,1
38,66,1
38,73,1
38,79,1
38,84,1
109,38,1
117,38,1
120,38,1
39,48,1
39,57,1
39,70,1
39,73,1
39,92,1
39,93,1
39,96,1
39,97,1
120,39,1
125,39,1
40,49,1
40,62,1
40,73,1
40,79,1
103,40,1
109,40,1
117,40,1
120,40,1
44,47,1
44,49,1
44,63,1
44,66,1
44,93,1
44,96,1
44,97,1
109,44,1
117,44,1
118,44,1
120,44,1
45,49,1
45,55,1
45,62,1
45,66,1
45,70,1
45,73,1
45,79,1
45,96,1
109,45,1
117,45,1
120,45,1
46,49,1
46,63,1
46,66,1
46,96,1
46,97,1
109,46,1
117,46,1
120,46,1
47,48,1
47,49,1
47,55,1
47,56,1
47,57,1
47,62,1
47,63,1
47,66,1
47,70,1
47,73,1
47,74,1
47,75,1
47,79,1
47,84,1
47,87,1
47,90,1
47,93,1
47,96,1
47,97,1
109,47,1
117,47,1
120,47,1
125,47,1
48,49,1
48,63,1
48,66,1
48,73,1
48,93,1
48,96,1
48,97,1
103,48,1
109,48,1
117,48,1
118,48,1
120,48,1
49,51,1
49,52,1
49,53,1
49,55,1
49,56,1
49,57,1
49,58,1
49,62,1
49,63,1
49,66,1
49,67,1
49,68,1
49,70,1
49,71,1
49,73,1
49,74,1
49,75,1
49,76,1
49,79,1
49,80,1
49,83,1
49,84,1
49,87,1
49,89,1
49,90,1
49,92,1
49,93,1
49,96,1
49,97,1
49,99,1
100,49,1
103,49,1
115,49,1
117,49,1
118,49,1
120,49,1
122,49,1
125,49,1
127,49,1
51,56,1
51,66,1
51,70,1
51,73,1
109,51,1
117,51,1
120,51,1
109,52,1
117,52,1
53,56,1
53,70,1
53,73,1
53,79,1
53,84,1
53,96,1
109,53,1
117,53,1
120,53,1
55,57,1
55,63,1
55,70,1
55,73,1
55,96,1
55,97,1
55,99,1
118,55,1
120,55,1
127,55,1
56,57,1
56,58,1
56,62,1
56,67,1
56,73,1
56,75,1
56,86,1
56,89,1
56,90,1
56,92,1
56,93,1
56,96,1
56,97,1
56,99,1
103,56,1
109,56,1
118,56,1
120,56,1
122,56,1
125,56,1
127,56,1
57,63,1
57,66,1
57,70,1
57,71,1
57,73,1
57,75,1
57,86,1
57,87,1
57,93,1
57,96,1
57,97,1
109,57,1
117,57,1
118,57,1
120,57,1
127,57,1
58,66,1
58,70,1
58,73,1
58,79,1
58,96,1
58,97,1
109,58,1
117,58,1
120,58,1
62,63,1
62,66,1
62,70,1
62,73,1
62,75,1
62,79,1
62,84,1
62,96,1
62,97,1
109,62,1
117,62,1
118,62,1
120,62,1
63,70,1
63,73,1
63,79,1
63,96,1
63,97,1
63,99,1
100,63,1
109,63,1
118,63,1
127,63,1
66,67,1
66,73,1
66,74,1
66,75,1
66,79,1
66,83,1
66,86,1
66,89,1
66,90,1
66,91,1
66,93,1
66,96,1
66,97,1
66,99,1
100,66,1
103,66,1
115,66,1
118,66,1
120,66,1
125,66,1
127,66,1
67,70,1
67,79,1
67,84,1
67,92,1
67,97,1
109,67,1
117,67,1
120,67,1
68,70,1
68,73,1
68,79,1
68,93,1
68,97,1
103,68,1
109,68,1
120,68,1
125,68,1
70,73,1
70,76,1
70,79,1
70,83,1
70,86,1
70,87,1
70,89,1
70,91,1
70,92,1
70,96,1
70,97,1
100,70,1
103,70,1
109,70,1
118,70,1
120,70,1
125,70,1
127,70,1
71,73,1
71,84,1
71,93,1
71,96,1
71,97,1
103,71,1
109,71,1
117,71,1
120,71,1
73,75,1
73,76,1
73,79,1
73,80,1
73,83,1
73,84,1
73,86,1
73,87,1
73,89,1
73,92,1
73,96,1
73,97,1
73,99,1
100,73,1
103,73,1
109,73,1
115,73,1
117,73,1
120,73,1
122,73,1
125,73,1
74,79,1
74,92,1
74,96,1
74,97,1
109,74,1
117,74,1
118,74,1
120,74,1
125,74,1
75,79,1
75,84,1
75,96,1
75,97,1
109,75,1
117,75,1
118,75,1
120,75,1
76,79,1
76,96,1
76,97,1
109,76,1
117,76,1
118,76,1
79,84,1
79,86,1
79,87,1
79,89,1
79,90,1
79,92,1
79,93,1
79,96,1
79,97,1
79,99,1
103,79,1
109,79,1
117,79,1
118,79,1
120,79,1
122,79,1
125,79,1
127,79,1
80,96,1
117,80,1
120,80,1
83,96,1
83,97,1
109,83,1
117,83,1
118,83,1
84,87,1
84,89,1
84,96,1
109,84,1
118,84,1
120,84,1
125,84,1
127,84,1
86,92,1
86,96,1
86,97,1
117,86,1
120,86,1
125,86,1
87,93,1
87,97,1
87,99,1
109,87,1
117,87,1
118,87,1
120,87,1
125,87,1
89,93,1
89,97,1
109,89,1
117,89,1
120,89,1
125,89,1
90,96,1
109,90,1
117,90,1
120,90,1
91,93,1
91,96,1
109,91,1
125,91,1
92,96,1
92,97,1
109,92,1
115,92,1
117,92,1
118,92,1
120,92,1
127,92,1
93,96,1
109,93,1
117,93,1
118,93,1
120,93,1
127,93,1
96,97,1
96,99,1
103,96,1
109,96,1
117,96,1
118,96,1
120,96,1
127,96,1
109,97,1
117,97,1
118,97,1
120,97,1
122,97,1
127,97,1
109,99,1
117,99,1
120,99,1
100,117,1
100,120,1
103,109,1
103,117,1
103,120,1
109,115,1
109,118,1
109,120,1
109,122,1
109,125,1
109,127,1
115,117,1
117,120,1
117,122,1
117,125,1
118,120,1
118,125,1
120,122,1
120,125,1
120,127,1
125,127,1
0,50,1
15,50,1
18,50,1
20,44,1
20,50,1
20,60,1
25,50,1
29,50,1
37,50,1
38,50,1
41,50,1
41,57,1
41,87,1
44,50,1
44,60,1
44,64,1
50,57,1
50,60,1
50,61,1
50,64,1
50,71,1
50,80,1
50,87,1
57,60,1
57,64,1
60,71,1
60,87,1
64,87,1
109,22,1
55,59,1
109,59,1
12,120,1
33,9,1
22,3,1
3,41,1
5,60,1
5,65,1
22,8,1
39,8,1
12,60,1
12,65,1
13,19,1
13,65,1
15,19,1
17,39,1
17,41,1
17,65,1
17,74,1
17,86,1
17,99,1
19,22,1
19,61,1
19,65,1
19,92,1
22,60,1
22,62,1
22,65,1
29,65,1
37,65,1
39,60,1
39,72,1
41,55,1
41,62,1
41,72,1
41,74,1
103,41,1
44,65,1
55,60,1
58,65,1
60,62,1
60,86,1
61,65,1
62,65,1
65,99,1
100,9,1
110,9,1
119,9,1
119,16,1
125,21,1
110,71,1
119,71,1
119,80,1
100,119,1
110,119,1
0,98,1
1,73,1
1,74,1
1,98,1
12,57,1
119,12,1
19,73,1
19,98,1
31,73,1
53,98,1
57,98,1
67,98,1
73,98,1
119,73,1
74,98,1
119,74,1
83,98,1
98,99,1
118,8,1
17,27,1
118,17,1
59,62,1
0,106,1
3,30,1
3,47,1
3,56,1
3,79,1
3,88,1
118,3,1
5,88,1
106,5,1
110,5,1
36,8,1
11,9,1
13,9,1
47,9,1
55,9,1
58,9,1
59,9,1
61,9,1
62,9,1
67,9,1
74,9,1
75,9,1
106,9,1
118,9,1
127,9,1
106,11,1
12,88,1
106,12,1
12,125,1
106,16,1
19,47,1
19,59,1
106,19,1
118,19,1
106,29,1
30,60,1
30,88,1
106,30,1
125,30,1
36,60,1
106,36,1
106,37,1
106,38,1
106,40,1
46,88,1
106,46,1
47,88,1
106,47,1
106,53,1
56,59,1
56,60,1
106,56,1
110,56,1
106,58,1
59,79,1
106,59,1
60,75,1
60,79,1
118,60,1
127,60,1
61,75,1
61,79,1
106,61,1
62,88,1
106,62,1
67,88,1
106,71,1
118,72,1
74,88,1
106,74,1
106,75,1
106,76,1
79,88,1
106,79,1
110,79,1
106,83,1
86,88,1
106,86,1
106,88,1
118,88,1
127,88,1
106,90,1
106,92,1
106,110,1
106,115,1
110,118,1
110,127,1
1,50,1
1,90,1
50,6,1
45,8,1
50,8,1
11,50,1
27,50,1
50,59,1
122,50,1
10,22,1
10,59,1
10,111,1
0,124,1
124,5,1
124,19,1
124,92,1
19,84,1
22,56,1
22,84,1
0,14,1
0,104,1
0,126,1
1,10,1
1,14,1
1,26,1
1,33,1
1,35,1
1,48,1
1,49,1
1,62,1
1,63,1
1,66,1
1,70,1
1,75,1
1,84,1
1,87,1
1,106,1
1,109,1
1,117,1
1,120,1
104,5,1
119,5,1
126,5,1
17,6,1
104,6,1
119,6,1
126,6,1
14,8,1
26,8,1
33,8,1
35,8,1
42,8,1
49,8,1
54,8,1
8,97,1
109,8,1
117,8,1
120,8,1
10,54,1
10,64,1
10,104,1
10,106,1
10,119,1
11,119,1
12,35,1
12,49,1
12,97,1
104,12,1
14,16,1
14,17,1
14,18,1
14,25,1
14,29,1
14,30,1
14,35,1
14,36,1
14,37,1
14,38,1
14,40,1
14,44,1
14,45,1
14,47,1
14,48,1
14,49,1
14,51,1
14,53,1
14,55,1
14,57,1
14,58,1
14,59,1
14,61,1
14,62,1
14,64,1
14,67,1
14,68,1
14,70,1
14,72,1
14,74,1
14,75,1
14,79,1
14,80,1
14,83,1
14,86,1
14,87,1
14,89,1
14,90,1
14,92,1
14,97,1
14,99,1
100,14,1
103,14,1
104,14,1
115,14,1
118,14,1
119,14,1
120,14,1
125,14,1
126,14,1
127,14,1
104,16,1
17,26,1
17,33,1
17,35,1
17,36,1
17,40,1
17,42,1
17,47,1
17,49,1
17,54,1
17,63,1
17,66,1
17,70,1
17,87,1
17,97,1
104,17,1
106,17,1
109,17,1
117,17,1
120,17,1
127,17,1
18,54,1
26,30,1
26,54,1
26,59,1
26,61,1
26,64,1
26,72,1
104,26,1
106,26,1
119,26,1
126,26,1
104,29,1
119,29,1
126,29,1
30,33,1
30,35,1
30,49,1
30,57,1
30,66,1
30,70,1
30,97,1
103,30,1
104,30,1
109,30,1
117,30,1
119,30,1
120,30,1
33,54,1
33,59,1
33,61,1
33,64,1
104,33,1
119,33,1
126,33,1
35,42,1
35,54,1
35,59,1
35,61,1
35,64,1
35,72,1
104,35,1
106,35,1
119,35,1
126,35,1
104,36,1
119,36,1
126,36,1
104,37,1
104,39,1
106,39,1
119,39,1
126,39,1
104,40,1
119,40,1
126,40,1
42,44,1
42,48,1
42,57,1
42,62,1
42,63,1
42,66,1
42,70,1
42,72,1
42,76,1
42,79,1
42,83,1
42,84,1
42,92,1
42,97,1
104,42,1
106,42,1
119,42,1
120,42,1
125,42,1
126,42,1
44,54,1
104,44,1
119,44,1
126,44,1
104,45,1
106,45,1
104,47,1
48,54,1
48,64,1
104,48,1
126,48,1
49,54,1
49,59,1
49,61,1
49,64,1
49,72,1
104,49,1
106,49,1
119,49,1
126,49,1
54,55,1
54,57,1
54,62,1
54,63,1
54,66,1
54,70,1
54,72,1
54,74,1
54,75,1
54,76,1
54,79,1
54,83,1
54,84,1
54,87,1
54,90,1
54,92,1
54,97,1
104,54,1
106,54,1
109,54,1
117,54,1
119,54,1
120,54,1
125,54,1
126,54,1
55,64,1
104,55,1
119,55,1
126,55,1
104,57,1
104,58,1
59,63,1
59,66,1
59,70,1
104,59,1
117,59,1
120,59,1
126,59,1
61,63,1
61,66,1
61,70,1
61,84,1
104,61,1
109,61,1
117,61,1
119,61,1
120,61,1
126,61,1
62,64,1
104,62,1
126,62,1
63,64,1
106,63,1
119,63,1
64,66,1
64,70,1
64,72,1
64,74,1
64,75,1
64,79,1
64,83,1
64,84,1
64,97,1
104,64,1
106,64,1
109,64,1
117,64,1
120,64,1
66,72,1
104,66,1
106,66,1
119,66,1
126,66,1
104,67,1
104,68,1
104,70,1
106,70,1
119,70,1
126,70,1
126,71,1
72,97,1
104,72,1
109,72,1
117,72,1
120,72,1
126,72,1
104,74,1
104,75,1
119,75,1
126,75,1
119,76,1
104,79,1
119,79,1
126,79,1
126,80,1
126,83,1
104,84,1
119,84,1
104,86,1
119,86,1
126,86,1
104,87,1
106,87,1
119,87,1
126,87,1
104,89,1
106,89,1
119,89,1
119,90,1
104,92,1
104,97,1
106,97,1
119,97,1
126,97,1
104,99,1
126,99,1
100,104,1
104,106,1
104,109,1
104,115,1
104,117,1
104,118,1
104,119,1
104,120,1
104,125,1
104,126,1
104,127,1
106,109,1
106,117,1
106,119,1
106,120,1
106,126,1
109,119,1
109,126,1
117,119,1
117,126,1
118,119,1
118,126,1
119,120,1
119,122,1
119,127,1
120,126,1
122,126,1
125,126,1
126,127,1
24,78,1
0,102,1
26,3,1
28,3,1
3,35,1
3,42,1
3,48,1
3,49,1
3,66,1
3,70,1
3,73,1
3,93,1
3,96,1
3,97,1
104,3,1
109,3,1
117,3,1
120,3,1
102,5,1
6,65,1
102,6,1
10,20,1
10,60,1
10,102,1
11,65,1
102,11,1
102,12,1
15,26,1
15,35,1
15,49,1
15,73,1
15,96,1
15,97,1
109,15,1
117,15,1
120,15,1
102,16,1
102,18,1
20,26,1
20,28,1
20,33,1
20,35,1
20,49,1
20,55,1
20,56,1
20,63,1
20,65,1
20,66,1
20,70,1
20,73,1
20,93,1
20,96,1
20,97,1
102,20,1
104,20,1
109,20,1
117,20,1
120,20,1
125,20,1
22,28,1
22,33,1
22,35,1
22,49,1
22,66,1
22,70,1
22,73,1
22,93,1
22,96,1
22,97,1
104,22,1
117,22,1
120,22,1
102,25,1
26,60,1
26,65,1
102,26,1
123,26,1
28,30,1
28,42,1
28,59,1
28,60,1
28,61,1
28,64,1
28,65,1
28,72,1
102,28,1
123,28,1
102,29,1
30,65,1
30,73,1
30,93,1
30,96,1
102,30,1
33,60,1
33,65,1
102,33,1
123,33,1
35,60,1
35,65,1
102,35,1
123,35,1
102,36,1
102,37,1
102,39,1
40,65,1
42,56,1
42,60,1
42,73,1
42,93,1
42,96,1
102,42,1
102,44,1
102,46,1
48,65,1
102,48,1
49,60,1
49,65,1
102,49,1
123,49,1
102,51,1
102,52,1
102,55,1
56,64,1
56,65,1
104,56,1
123,56,1
59,73,1
59,96,1
102,59,1
60,66,1
60,70,1
60,73,1
60,96,1
104,60,1
109,60,1
117,60,1
120,60,1
102,61,1
102,62,1
64,73,1
102,64,1
65,66,1
65,67,1
65,68,1
65,70,1
65,73,1
65,93,1
65,96,1
65,97,1
102,65,1
104,65,1
109,65,1
117,65,1
118,65,1
120,65,1
123,65,1
125,65,1
127,65,1
123,66,1
102,68,1
102,70,1
102,71,1
72,73,1
72,96,1
102,72,1
102,73,1
104,73,1
102,74,1
102,75,1
123,75,1
102,83,1
102,86,1
102,87,1
102,89,1
102,91,1
104,93,1
123,93,1
102,96,1
104,96,1
123,97,1
100,102,1
102,103,1
102,104,1
102,109,1
102,117,1
102,118,1
102,120,1
102,122,1
102,123,1
102,125,1
102,127,1
109,123,1
117,123,1
1,3,1
112,2,1
112,3,1
112,8,1
112,12,1
112,17,1
112,37,1
112,44,1
112,46,1
112,62,1
112,92,1
100,112,1
1,56,1
1,96,1
114,3,1
119,3,1
114,5,1
110,6,1
114,6,1
20,8,1
8,96,1
121,8,1
123,8,1
20,9,1
35,9,1
87,9,1
89,9,1
9,96,1
9,97,1
114,9,1
121,9,1
10,110,1
10,114,1
10,121,1
114,12,1
119,13,1
114,15,1
17,20,1
17,96,1
114,17,1
121,17,1
123,17,1
19,33,1
19,35,1
19,63,1
19,96,1
19,97,1
114,19,1
121,19,1
20,84,1
20,88,1
114,20,1
21,35,1
21,84,1
21,96,1
114,21,1
22,57,1
110,22,1
114,22,1
119,22,1
110,33,1
114,33,1
35,88,1
110,35,1
114,35,1
121,35,1
114,37,1
39,88,1
114,39,1
114,40,1
114,44,1
114,46,1
114,47,1
48,88,1
114,48,1
121,48,1
114,51,1
114,55,1
121,55,1
114,56,1
119,56,1
121,56,1
57,88,1
114,57,1
121,57,1
114,62,1
110,63,1
114,63,1
121,63,1
114,67,1
114,68,1
114,71,1
114,72,1
121,72,1
110,84,1
114,84,1
121,84,1
123,84,1
114,86,1
114,87,1
121,87,1
88,89,1
88,91,1
88,96,1
88,97,1
100,88,1
103,88,1
119,88,1
121,88,1
110,89,1
114,89,1
114,92,1
110,96,1
114,96,1
119,96,1
121,96,1
114,97,1
121,97,1
100,114,1
114,115,1
114,118,1
114,119,1
114,122,1
114,123,1
119,121,1
119,123,1
2,65,1
65,79,1
123,79,1
27,93,1
106,27,1
105,19,1
111,2,1
27,63,1
102,27,1
111,63,1
102,111,1
105,51,1
116,89,1
1,124,1
10,124,1
124,18,1
124,20,1
124,29,1
124,30,1
124,38,1
124,39,1
110,42,1
124,42,1
110,49,1
124,49,1
124,53,1
124,58,1
124,59,1
124,64,1
110,66,1
124,71,1
124,74,1
102,79,1
124,79,1
124,80,1
124,86,1
102,124,1
110,124,1
115,124,1
19,27,1
12,50,1
105,82,1
113,22,1
113,66,1
113,80,1
113,92,1
0,107,1
1,107,1
3,98,1
111,3,1
111,8,1
11,98,1
107,11,1
13,98,1
107,13,1
116,13,1
15,79,1
15,98,1
106,15,1
107,15,1
107,16,1
17,98,1
107,17,1
111,17,1
107,18,1
111,19,1
21,31,1
107,21,1
111,21,1
22,98,1
106,22,1
107,22,1
116,22,1
25,98,1
31,33,1
31,55,1
31,65,1
31,79,1
31,84,1
106,31,1
33,41,1
33,98,1
107,33,1
111,33,1
116,33,1
37,98,1
107,37,1
41,48,1
41,79,1
106,41,1
107,41,1
110,41,1
111,41,1
125,41,1
44,98,1
107,44,1
111,44,1
116,44,1
107,46,1
116,46,1
48,98,1
107,48,1
116,48,1
111,51,1
107,52,1
107,53,1
55,98,1
107,55,1
111,55,1
116,55,1
57,65,1
107,57,1
111,57,1
58,98,1
107,58,1
60,98,1
107,60,1
111,60,1
63,98,1
106,65,1
107,65,1
111,65,1
116,65,1
119,65,1
107,67,1
107,74,1
116,74,1
107,76,1
79,98,1
107,79,1
111,79,1
116,79,1
80,98,1
107,83,1
111,84,1
116,84,1
87,98,1
107,87,1
116,87,1
107,88,1
111,88,1
107,91,1
116,91,1
92,98,1
107,92,1
107,93,1
97,98,1
107,97,1
111,97,1
106,98,1
107,98,1
111,98,1
116,98,1
125,98,1
107,99,1
103,107,1
103,111,1
106,107,1
106,111,1
106,116,1
106,123,1
107,111,1
107,115,1
107,116,1
107,119,1
107,122,1
107,123,1
107,125,1
110,111,1
111,116,1
111,119,1
111,123,1
116,122,1
116,123,1
29,98,1
124,60,1
105,17,1
105,57,1
30,94,1
10,78,1
31,39,1
31,78,1
48,78,1
78,92,1
16,32,1
29,32,1
29,43,1
116,29,1
32,58,1
116,43,1
0,32,1
32,5,1
32,6,1
10,32,1
20,32,1
32,35,1
32,36,1
32,39,1
32,40,1
32,42,1
32,48,1
32,55,1
32,56,1
32,73,1
32,79,1
32,86,1
32,87,1
100,32,1
117,32,1
120,32,1
113,16,1
124,16,1
113,87,1
124,87,1
117,9,1
120,9,1
0,82,1
0,94,1
1,82,1
2,50,1
2,82,1
3,82,1
6,82,1
6,94,1
6,98,1
116,6,1
8,82,1
64,9,1
82,9,1
9,94,1
9,98,1
11,82,1
11,94,1
12,94,1
116,12,1
15,82,1
16,50,1
16,82,1
18,82,1
121,18,1
21,82,1
22,50,1
22,82,1
29,82,1
31,35,1
31,82,1
35,50,1
35,82,1
35,94,1
35,98,1
116,35,1
37,82,1
38,82,1
39,50,1
39,82,1
39,94,1
39,98,1
116,39,1
40,82,1
40,94,1
40,98,1
44,82,1
46,50,1
46,82,1
46,94,1
48,50,1
48,82,1
50,51,1
50,55,1
50,67,1
50,68,1
50,72,1
50,74,1
50,82,1
50,83,1
50,92,1
50,93,1
50,97,1
50,98,1
50,99,1
103,50,1
110,50,1
116,50,1
121,50,1
125,50,1
51,82,1
52,82,1
55,82,1
55,94,1
59,82,1
59,98,1
60,82,1
121,60,1
61,82,1
61,94,1
61,98,1
64,82,1
64,88,1
64,94,1
64,98,1
116,64,1
65,82,1
67,94,1
68,82,1
68,94,1
68,98,1
72,82,1
72,98,1
76,82,1
80,82,1
82,83,1
82,86,1
82,88,1
82,90,1
82,92,1
82,93,1
82,94,1
82,97,1
82,98,1
82,99,1
103,82,1
110,82,1
115,82,1
116,82,1
121,82,1
122,82,1
125,82,1
86,94,1
116,86,1
94,97,1
94,98,1
121,94,1
122,94,1
121,98,1
116,121,1
34,46,1
115,34,1
10,50,1
17,50,1
30,50,1
33,50,1
50,58,1
50,63,1
50,66,1
50,75,1
119,50,1
120,50,1
120,88,1
110,120,1
124,6,1
124,8,1
124,9,1
126,9,1
10,41,1
11,124,1
12,124,1
124,13,1
126,13,1
124,15,1
31,56,1
31,66,1
120,31,1
124,31,1
126,31,1
124,37,1
41,56,1
41,66,1
120,41,1
124,41,1
124,44,1
124,46,1
126,46,1
124,51,1
56,94,1
126,56,1
66,94,1
124,72,1
124,83,1
124,88,1
124,90,1
120,94,1
124,94,1
124,99,1
103,124,1
120,124,1
124,125,1
124,126,1
102,84,1
37,4,1
4,55,1
4,80,1
4,86,1
4,87,1
105,2,1
102,8,1
102,19,1
57,94,1
102,57,1
62,94,1
111,62,1
111,94,1
102,119,1
110,126,1
111,126,1
116,30,1
124,96,1
37,81,1
116,62,1
17,73,1
126,73,1
5,81,1
20,81,1
27,81,1
39,81,1
105,39,1
67,81,1
81,86,1
105,81,1
105,92,1
0,113,1
113,17,1
113,18,1
113,19,1
113,21,1
113,38,1
113,44,1
113,46,1
113,62,1
113,76,1
121,79,1
113,83,1
113,93,1
113,119,1
113,121,1
0,81,1
22,81,1
44,81,1
81,92,1
2,24,1
12,24,1
117,43,1
31,49,1
31,96,1
76,78,1
78,98,1
119,27,1
105,99,1
105,116,1
105,119,1
11,112,1
112,53,1
112,84,1
112,118,1
112,123,1
41,75,1
105,41,1
114,41,1
45,94,1
114,45,1
114,53,1
105,55,1
105,60,1
105,63,1
75,94,1
114,75,1
116,75,1
114,76,1
84,94,1
105,84,1
105,88,1
105,93,1
105,94,1
103,105,1
105,114,1
105,125,1
105,126,1
114,126,1
105,118,1
105,73,1
113,12,1
112,48,1
112,59,1
112,79,1
12,32,1
49,9,1
19,49,1
24,84,1
112,5,1
112,6,1
73,8,1
70,9,1
73,9,1
19,64,1
19,70,1
117,19,1
120,19,1
106,20,1
112,20,1
21,49,1
21,73,1
117,21,1
120,21,1
112,30,1
112,33,1
35,41,1
112,35,1
112,40,1
41,49,1
41,70,1
41,73,1
112,41,1
117,41,1
112,47,1
112,49,1
112,56,1
112,57,1
112,58,1
112,60,1
112,63,1
112,64,1
112,66,1
112,67,1
112,68,1
112,70,1
112,71,1
106,73,1
112,73,1
106,96,1
106,112,1
112,117,1
112,120,1
112,122,1
12,4,1
4,49,1
4,78,1
4,95,1
109,4,1
23,5,1
23,6,1
24,6,1
6,95,1
10,23,1
12,95,1
14,78,1
14,95,1
23,49,1
109,23,1
24,95,1
33,95,1
49,78,1
109,95,1
27,66,1
124,3,1
124,97,1
122,124,1
5,50,1
13,50,1
42,50,1
47,50,1
50,89,1
43,6,1
22,43,1
43,46,1
43,53,1
43,66,1
105,43,1
105,66,1
105,110,1
112,31,1
112,50,1
6,77,1
43,8,1
77,8,1
18,77,1
25,43,1
25,77,1
32,44,1
32,65,1
32,77,1
32,98,1
32,99,1
38,77,1
43,44,1
43,60,1
43,71,1
43,77,1
43,93,1
43,98,1
43,99,1
100,43,1
44,77,1
45,65,1
45,77,1
52,77,1
60,77,1
63,77,1
65,77,1
66,77,1
66,98,1
71,77,1
71,98,1
75,77,1
75,98,1
76,77,1
77,84,1
77,98,1
77,99,1
100,77,1
110,77,1
112,98,1
105,117,1
0,34,1
2,34,1
3,34,1
34,5,1
28,9,1
34,9,1
109,9,1
13,34,1
15,34,1
17,28,1
17,34,1
21,34,1
109,21,1
22,34,1
25,34,1
28,34,1
28,88,1
121,28,1
29,34,1
30,34,1
34,38,1
34,40,1
34,44,1
34,45,1
34,52,1
34,53,1
34,55,1
34,56,1
34,66,1
34,68,1
34,70,1
34,71,1
34,72,1
34,74,1
34,75,1
34,76,1
34,79,1
34,80,1
34,84,1
34,86,1
34,87,1
34,88,1
34,91,1
34,92,1
34,99,1
100,34,1
103,34,1
121,34,1
122,34,1
123,34,1
121,66,1
70,88,1
121,75,1
109,88,1
109,121,1
10,108,1
108,117,1
116,118,1
116,127,1
0,108,1
108,13,1
102,13,1
27,88,1
27,92,1
40,43,1
102,43,1
102,105,1
19,82,1
58,82,1
62,82,1
73,94,1
121,73,1
118,82,1
118,94,1
127,94,1
105,121,1
44,78,1
57,78,1
74,78,1
78,84,1
78,87,1
78,88,1
103,78,1
110,78,1
125,78,1
23,80,1
126,21,1
62,98,1
79,94,1
112,93,1
112,94,1
126,98,1
112,119,1
112,126,1
123,126,1
114,120,1
112,116,1
89,94,1
30,98,1
87,94,1
112,13,1
21,95,1
78,79,1
79,95,1
80,95,1
20,94,1
116,20,1
102,41,1
102,116,1
1,105,1
1,81,1
2,81,1
3,81,1
10,81,1
15,81,1
29,81,1
30,81,1
40,81,1
45,81,1
50,56,1
50,81,1
55,81,1
56,81,1
57,81,1
68,81,1
71,81,1
72,81,1
80,81,1
81,83,1
115,81,1
123,81,1
113,3,1
113,8,1
113,13,1
113,45,1
19,24,1
19,42,1
19,95,1
39,95,1
0,4,1
3,4,1
3,32,1
4,8,1
4,9,1
13,4,1
15,4,1
16,4,1
17,4,1
18,4,1
20,4,1
21,4,1
22,4,1
25,4,1
28,4,1
29,4,1
32,4,1
34,4,1
35,4,1
36,4,1
38,4,1
4,40,1
4,44,1
4,45,1
4,46,1
4,48,1
4,51,1
4,52,1
4,53,1
4,57,1
4,58,1
4,59,1
4,60,1
4,61,1
4,63,1
4,66,1
4,68,1
4,70,1
4,71,1
4,74,1
4,75,1
4,76,1
4,79,1
4,83,1
4,89,1
4,90,1
4,96,1
4,99,1
100,4,1
102,4,1
103,4,1
104,4,1
114,4,1
115,4,1
120,4,1
123,4,1
125,4,1
28,8,1
34,8,1
104,13,1
16,34,1
17,32,1
18,34,1
20,34,1
102,21,1
104,21,1
22,32,1
114,28,1
32,33,1
32,34,1
32,46,1
32,49,1
32,57,1
32,59,1
32,61,1
32,83,1
32,91,1
32,96,1
102,32,1
109,32,1
114,32,1
123,32,1
34,35,1
34,36,1
34,37,1
34,48,1
34,49,1
34,51,1
34,57,1
34,58,1
34,59,1
34,60,1
34,61,1
34,63,1
34,83,1
34,89,1
34,90,1
34,96,1
102,34,1
104,34,1
114,34,1
120,34,1
125,34,1
114,36,1
114,49,1
114,66,1
114,79,1
102,114,1
109,114,1
114,117,1
0,23,1
58,81,1
119,81,1
19,50,1
50,73,1
2,32,1
32,47,1
32,97,1
102,47,1
1,113,1
113,15,1
113,25,1
113,29,1
113,37,1
50,62,1
113,50,1
113,51,1
113,53,1
113,58,1
113,59,1
113,60,1
113,71,1
113,72,1
113,84,1
113,94,1
100,113,1
103,113,1
110,113,1
113,116,1
113,125,1
81,93,1
81,98,1
81,99,1
106,50,1
118,50,1
111,61,1
70,94,1
96,98,1
19,78,1
13,82,1
30,82,1
31,47,1
117,31,1
118,31,1
36,82,1
36,94,1
36,98,1
116,36,1
41,82,1
45,82,1
47,82,1
47,94,1
47,98,1
50,70,1
50,96,1
117,50,1
127,50,1
56,82,1
56,98,1
116,56,1
66,82,1
116,66,1
70,82,1
70,98,1
110,70,1
116,70,1
71,82,1
82,84,1
82,87,1
82,89,1
82,96,1
100,82,1
117,82,1
89,98,1
94,96,1
117,94,1
117,98,1
118,98,1
127,98,1
110,117,1
116,117,1
117,121,1
105,21,1
5,94,1
124,21,1
42,94,1
124,62,1
124,63,1
124,93,1
121,124,1
50,79,1
23,3,1
18,23,1
23,36,1
23,39,1
23,40,1
23,44,1
23,66,1
23,87,1
115,23,1
14,9,1
26,9,1
42,9,1
14,15,1
14,22,1
14,46,1
26,34,1
27,82,1
124,22,1
124,40,1
100,124,1
116,5,1
106,28,1
110,28,1
27,3,1
24,55,1
11,4,1
30,4,1
4,41,1
4,43,1
4,56,1
4,72,1
4,98,1
110,4,1
121,4,1
122,4,1
43,5,1
5,98,1
11,43,1
20,43,1
20,98,1
41,43,1
43,48,1
43,68,1
43,70,1
43,79,1
121,43,1
122,43,1
123,43,1
111,32,1
111,35,1
111,56,1
111,66,1
113,20,1
113,40,1
124,45,1
124,50,1
113,74,1
113,90,1
113,115,1
19,28,1
28,98,1
34,78,1
70,78,1
75,78,1
110,73,1
78,94,1
78,9,1
124,33,1
62,78,1
124,68,1
124,70,1
72,78,1
78,83,1
124,78,1
124,89,1
123,124,1
33,94,1
109,94,1
2,4,1
2,23,1
31,4,1
4,88,1
4,93,1
124,4,1
17,23,1
17,78,1
23,25,1
23,31,1
23,38,1
23,51,1
23,52,1
23,60,1
23,63,1
23,90,1
23,92,1
23,93,1
124,23,1
125,23,1
60,78,1
63,78,1
66,78,1
78,90,1
78,93,1
117,88,1
117,124,1
104,78,1
113,97,1
121,81,1
113,9,1
113,33,1
113,70,1
113,75,1
24,36,1
14,94,1
14,32,1
113,14,1
26,32,1
26,88,1
113,26,1
113,32,1
113,88,1
23,9,1
22,23,1
23,29,1
23,46,1
23,48,1
23,53,1
23,56,1
23,59,1
23,71,1
23,75,1
23,79,1
23,99,1
100,23,1
102,23,1
110,23,1
109,31,1
56,78,1
102,78,1
109,110,1
10,98,1
11,34,1
34,62,1
24,57,1
113,6,1
113,117,1
117,27,1
21,26,1
121,32,1
118,34,1
126,22,1
23,34,1
23,55,1
23,62,1
121,23,1
123,23,1
117,24,1
113,34,1
124,34,1
113,39,1
113,56,1
0,69,1
0,95,1
4,69,1
5,69,1
6,69,1
10,69,1
23,35,1
24,28,1
24,69,1
24,79,1
24,92,1
26,69,1
28,69,1
28,95,1
35,69,1
35,78,1
35,95,1
36,69,1
36,95,1
39,69,1
42,69,1
49,69,1
55,95,1
69,78,1
69,79,1
69,86,1
69,92,1
69,95,1
109,69,1
117,69,1
92,95,1
117,95,1
113,5,1
113,122,1
108,55,1
108,60,1
30,32,1
124,35,1
7,8,1
11,7,1
13,7,1
21,7,1
41,7,1
40,95,1
5,82,1
6,81,1
81,9,1
10,82,1
11,81,1
13,81,1
20,82,1
21,81,1
112,22,1
114,30,1
33,81,1
33,82,1
35,81,1
36,81,1
42,81,1
42,82,1
42,98,1
114,42,1
49,81,1
49,82,1
49,94,1
49,98,1
121,49,1
62,81,1
63,82,1
114,64,1
114,65,1
73,81,1
114,73,1
75,82,1
81,82,1
81,89,1
81,90,1
81,91,1
81,96,1
106,81,1
112,81,1
114,81,1
118,81,1
125,81,1
127,81,1
106,82,1
112,82,1
114,82,1
119,82,1
106,94,1
114,98,1
106,114,1
112,114,1
112,127,1
114,127,1
19,26,1
110,26,1
109,124,1
27,60,1
126,3,1
11,113,1
113,30,1
32,50,1
106,32,1
119,32,1
113,41,1
126,50,1
113,55,1
113,61,1
113,63,1
113,65,1
126,65,1
113,67,1
113,86,1
113,123,1
113,126,1
121,126,1
24,80,1
122,24,1
23,98,1
81,97,1
12,69,1
69,80,1
113,89,1
7,70,1
34,95,1
27,97,1
19,43,1
111,118,1
124,75,1
108,41,1
108,42,1
108,49,1
17,24,1
24,29,1
19,32,1
110,34,1
124,82,1
119,24,1
111,47,1
111,50,1
73,88,1
111,73,1
111,121,1
10,77,1
26,77,1
42,77,1
109,77,1
5,7,1
7,75,1
120,7,1
111,114,1
14,2,1
104,2,1
14,41,1
14,60,1
101,38,1
101,97,1
101,99,1
101,103,1
101,110,1
102,121,1
1,23,1
1,24,1
1,69,1
1,95,1
1,108,1
108,5,1
108,24,1
108,69,1
108,95,1
18,78,1
24,61,1
100,24,1
110,24,1
61,95,1
100,95,1
110,95,1
95,98,1
79,82,1
102,82,1
120,82,1
28,31,1
28,41,1
0,101,1
101,11,1
101,13,1
101,15,1
101,16,1
101,19,1
101,21,1
101,44,1
101,45,1
101,58,1
101,65,1
101,71,1
101,90,1
101,94,1
101,122,1
101,125,1
124,127,1
10,113,1
113,64,1
102,106,1
102,113,1
118,32,1
32,62,1
108,12,1
13,24,1
24,32,1
24,37,1
24,38,1
24,60,1
108,37,1
108,38,1
113,120,1
113,118,1
19,81,1
32,78,1
11,69,1
13,69,1
16,69,1
29,69,1
40,69,1
41,69,1
109,41,1
43,61,1
43,64,1
43,69,1
109,43,1
124,43,1
125,43,1
44,69,1
48,69,1
51,69,1
52,69,1
53,69,1
58,69,1
61,69,1
64,69,1
66,69,1
69,74,1
69,87,1
69,90,1
100,69,1
115,69,1
124,69,1
125,69,1
27,96,1
101,20,1
101,31,1
101,60,1
101,61,1
101,64,1
101,68,1
101,81,1
100,101,1
101,2,1
17,81,1
101,47,1
81,88,1
101,83,1
101,112,1
20,24,1
20,95,1
112,97,1
124,98,1
111,49,1
27,33,1
16,23,1
23,58,1
23,70,1
23,74,1
23,83,1
23,89,1
103,23,1
105,106,1
2,43,1
34,43,1
43,91,1
24,41,1
24,47,1
24,50,1
24,97,1
49,50,1
121,26,1
46,95,1
121,95,1
3,78,1
104,19,1
113,47,1
49,88,1
113,49,1
104,98,1
113,98,1
104,113,1
23,64,1
23,65,1
124,28,1
118,124,1
111,112,1
23,73,1
73,78,1
10,116,1
13,23,1
23,94,1
112,23,1
116,23,1
32,94,1
112,32,1
102,112,1
105,3,1
108,40,1
108,92,1
4,82,1
4,97,1
113,4,1
127,4,1
20,23,1
21,23,1
23,37,1
23,68,1
23,82,1
23,96,1
23,97,1
113,23,1
122,23,1
127,23,1
28,82,1
113,28,1
32,82,1
124,32,1
127,32,1
113,35,1
43,49,1
43,82,1
43,96,1
43,97,1
113,43,1
127,43,1
109,82,1
113,82,1
109,113,1
113,127,1
111,70,1
116,78,1
126,27,1
32,64,1
101,32,1
101,46,1
101,57,1
101,119,1
23,61,1
34,50,1
28,94,1
113,73,1
48,81,1
114,50,1
43,94,1
106,78,1
124,24,1
124,26,1
108,89,1
108,113,1
78,8,1
114,78,1
19,23,1
23,41,1
23,81,1
4,77,1
5,77,1
77,78,1
77,80,1
108,48,1
111,117,1
24,40,1
124,14,1
111,7,1
78,81,1
31,7,1
7,92,1
26,41,1
113,114,1
108,45,1
108,72,1
108,116,1
108,16,1
108,22,1
108,25,1
108,29,1
108,31,1
50,78,1
108,50,1
108,53,1
108,58,1
108,59,1
108,63,1
108,74,1
108,75,1
111,78,1
112,78,1
108,80,1
108,83,1
108,86,1
108,111,1
108,112,1
0,77,1
11,77,1
105,112,1
27,70,1
120,27,1
105,65,1
105,70,1
105,120,1
105,123,1
23,72,1
24,72,1
24,76,1
72,95,1
76,95,1
107,2,1
107,12,1
107,29,1
107,32,1
107,45,1
107,47,1
107,59,1
107,64,1
107,72,1
124,47,1
120,81,1
104,112,1
108,2,1
108,17,1
108,36,1
108,71,1
108,93,1
108,125,1
21,77,1
51,77,1
77,83,1
77,92,1
115,77,1
122,77,1
125,77,1
14,31,1
108,8,1
108,18,1
108,51,1
108,64,1
108,65,1
108,94,1
108,98,1
108,99,1
102,108,1
103,108,1
108,110,1
108,115,1
108,119,1
108,126,1
14,93,1
109,50,1
109,112,1
113,78,1
24,81,1
4,7,1
4,65,1
6,7,1
10,7,1
34,7,1
46,7,1
65,7,1
117,7,1
122,7,1
127,7,1
34,65,1
127,34,1
1,28,1
14,19,1
121,14,1
23,30,1
119,23,1
126,23,1
119,28,1
126,28,1
38,95,1
17,7,1
29,7,1
119,7,1
65,78,1
101,72,1
101,84,1
101,102,1
14,50,1
14,56,1
14,65,1
110,14,1
123,14,1
112,14,1
116,28,1
111,81,1
21,24,1
103,24,1
81,84,1
113,81,1
27,84,1
1,43,1
3,69,1
18,69,1
20,69,1
25,69,1
30,69,1
32,69,1
37,69,1
46,69,1
56,69,1
57,69,1
60,69,1
63,69,1
67,69,1
68,69,1
69,70,1
69,71,1
69,75,1
69,76,1
69,84,1
69,89,1
69,96,1
69,97,1
69,99,1
113,69,1
120,69,1
122,69,1
127,69,1
44,95,1
124,65,1
28,54,1
116,73,1
104,121,1
15,77,1
48,77,1
56,77,1
70,77,1
72,77,1
74,77,1
101,6,1
24,77,1
49,77,1
108,77,1
120,23,1
109,98,1
120,98,1
13,77,1
14,98,1
40,77,1
111,9,1
111,64,1
66,81,1
11,23,1
43,57,1
105,47,1
24,74,1
18,24,1
34,94,1
108,21,1
43,62,1
119,43,1
108,62,1
24,44,1
26,43,1
108,82,1
108,44,1
102,14,1
15,24,1
24,48,1
24,52,1
24,58,1
24,63,1
24,66,1
24,88,1
102,24,1
113,24,1
108,4,1
62,69,1
69,83,1
78,97,1
119,78,1
126,78,1
4,67,1
118,4,1
34,67,1
34,93,1
124,73,1
116,124,1
105,64,1
24,34,1
108,34,1
101,9,1
101,12,1
23,50,1
101,23,1
101,28,1
101,50,1
102,50,1
101,66,1
101,86,1
108,120,1
108,124,1
116,120,1
31,34,1
36,77,1
77,90,1
14,20,1
14,43,1
43,67,1
118,43,1
10,101,1
101,123,1
24,64,1
24,87,1
113,27,1
67,7,1
7,86,1
2,95,1
13,95,1
15,95,1
24,45,1
24,46,1
24,90,1
45,95,1
52,95,1
57,95,1
63,95,1
66,95,1
74,95,1
88,95,1
90,95,1
122,95,1
126,20,1
34,73,1
24,27,1
123,95,1
111,28,1
112,28,1
111,43,1
17,43,1
28,7,1
42,7,1
7,78,1
108,28,1
43,78,1
46,77,1
77,86,1
23,8,1
106,23,1
108,11,1
17,69,1
108,20,1
21,69,1
108,30,1
108,35,1
43,47,1
45,69,1
47,69,1
108,47,1
116,49,1
108,61,1
108,67,1
69,94,1
110,69,1
116,69,1
118,69,1
119,69,1
108,70,1
108,90,1
108,118,1
108,122,1
109,116,1
7,71,1
7,79,1
105,50,1
101,48,1
101,55,1
101,62,1
101,111,1
101,114,1
24,51,1
24,98,1
115,24,1
116,24,1
23,67,1
28,81,1
24,89,1
89,95,1
34,77,1
108,91,1
3,43,1
43,81,1
26,7,1
7,99,1
26,31,1
34,97,1
106,34,1
106,43,1
109,19,1
14,81,1
117,81,1
79,81,1
23,27,1
111,23,1
27,98,1
111,39,1
43,73,1
111,120,1
116,14,1
111,113,1
7,89,1
118,7,1
31,42,1
42,88,1
78,96,1
124,81,1
101,79,1
29,77,1
31,77,1
107,61,1
107,75,1
104,81,1
104,107,1
107,112,1
107,114,1
107,126,1
2,77,1
106,77,1
119,34,1
107,20,1
104,94,1
56,95,1
84,95,1
124,95,1
116,4,1
120,121,1
16,24,1
125,24,1
101,3,1
101,75,1
101,87,1
26,50,1
105,98,1
34,98,1
4,94,1
60,95,1
70,95,1
115,95,1
112,113,1
112,124,1
1,4,1
107,9,1
107,86,1
102,107,1
1,34,1
14,3,1
34,47,1
116,34,1
107,6,1
107,40,1
107,62,1
101,74,1
107,94,1
101,104,1
101,107,1
101,121,1
107,121,1
105,97,1
50,77,1
116,77,1
100,108,1
26,82,1
34,82,1
111,124,1
20,77,1
68,77,1
77,87,1
77,89,1
34,64,1
111,34,1
112,34,1
57,82,1
111,82,1
111,96,1
108,46,1
108,97,1
106,108,1
102,77,1
114,124,1
20,7,1
108,127,1
7,82,1
26,94,1
111,42,1
113,42,1
48,95,1
83,95,1
32,95,1
1,77,1
16,77,1
37,77,1
58,77,1
77,81,1
103,77,1
112,77,1
10,107,1
126,43,1
27,34,1
124,27,1
101,22,1
101,124,1
108,57,1
108,114,1
108,121,1
108,123,1
108,79,1
3,77,1
14,96,1
30,77,1
61,77,1
62,77,1
77,91,1
77,96,1
118,77,1
123,77,1
124,77,1
127,77,1
108,3,1
108,68,1
108,96,1
109,81,1
77,94,1
24,43,1
101,67,1
101,73,1
101,82,1
101,118,1
101,127,1
109,111,1
27,94,1
105,78,1
16,95,1
108,81,1
105,124,1